Workbook
Name ________REF5: '[1]Page de Garde'!#REF!
Name ________REF6: '[1]Page de Garde'!#REF!
Name ________REF7: '[1]Page de Garde'!#REF!
Name ________REF8: '[1]Page de Garde'!#REF!
Name _______REF5: '[1]Page de Garde'!#REF!
Name _______REF6: '[1]Page de Garde'!#REF!
Name _______REF7: '[1]Page de Garde'!#REF!
Name _______REF8: '[1]Page de Garde'!#REF!
Name ______REF5: '[1]Page de Garde'!#REF!
Name ______REF6: '[1]Page de Garde'!#REF!
Name ______REF7: '[1]Page de Garde'!#REF!
Name ______REF8: '[1]Page de Garde'!#REF!
Name _____REF5: '[1]Page de Garde'!#REF!
Name _____REF6: '[1]Page de Garde'!#REF!
Name _____REF7: '[1]Page de Garde'!#REF!
Name _____REF8: '[1]Page de Garde'!#REF!
Name ____REF5: '[1]Page de Garde'!#REF!
Name ____REF6: '[1]Page de Garde'!#REF!
Name ____REF7: '[1]Page de Garde'!#REF!
Name ____REF8: '[1]Page de Garde'!#REF!
Name ___REF5: '[1]Page de Garde'!#REF!
Name ___REF6: '[1]Page de Garde'!#REF!
Name ___REF7: '[1]Page de Garde'!#REF!
Name ___REF8: '[1]Page de Garde'!#REF!
Name __REF5: '[1]Page de Garde'!#REF!
Name __REF6: '[1]Page de Garde'!#REF!
Name __REF7: '[1]Page de Garde'!#REF!
Name __REF8: '[1]Page de Garde'!#REF!
Name _53751_560T0: #REF!
Name _REF5: '[1]Page de Garde'!#REF!
Name _REF6: '[1]Page de Garde'!#REF!
Name _REF7: '[1]Page de Garde'!#REF!
Name _REF8: '[1]Page de Garde'!#REF!
Name aa: #REF!
Name Act_C: #REF!
Name Act_EC: #REF!
Name Act_R: #REF!
Name Async_Hp_Task_Load: #REF!
Name Async_Hp_Task_Load_0rpm: #REF!
Name Async_Hp_Task_Load_2000rpm: #REF!
Name Async_Lp_Task_Load_0rpm: #REF!
Name Async_Lp_Task_Load_2000rpm: #REF!
Name Base: [3]RVCV!$CV:$ER
Name champs_synchronisés: #REF!
Name CSEO_CSIV07_1580__2: [4]!_xlbgnm.A1
Name CSEO_CSIV07_1580__2: [4]!_xlbgnm.A1
Name Declinaison: [5]bdmux!$U$4:$AH$5,[5]bdmux!$AJ$4:$DK$5
Name Données: #REF!
Name Données_207_Madrid: OFFSET(#REF!,0,0,1,MATCH(MAX(#REF!),#REF!,0))
Name Données_207_Madrid_4SG: OFFSET(INDIRECT("Graphiques!L"&MATCH("Résultats IQF+IQA 207 82",#REF!,0)&"C"&#REF!,0),0,0,1,MATCH(MAX(#REF!),#REF!,0)-#REF!+1)
Name Données_207_Madrid_IQA_4SG: OFFSET(INDIRECT("Graphiques!L"&MATCH("Résultats IQA 207 82",#REF!,0)&"C"&#REF!,0),0,0,1,MATCH(MAX(#REF!),#REF!,0)-#REF!+1)
Name Données_207_Madrid_IQF_4SG: OFFSET(INDIRECT("Graphiques!L"&MATCH("Résultats IQF 207 82",#REF!,0)&"C"&#REF!,0),0,0,1,MATCH(MAX(#REF!),#REF!,0)-#REF!+1)
Name Données_207_Poissy: OFFSET(#REF!,0,0,1,MATCH(MAX(#REF!),#REF!,0))
Name Données_207_Poissy_4SG: OFFSET(INDIRECT("Graphiques!L"&MATCH("Résultats IQF+IQA 207 81",#REF!,0)&"C"&#REF!,0),0,0,1,MATCH(MAX(#REF!),#REF!,0)-#REF!+1)
Name Données_207_Poissy_IQA_4SG: OFFSET(INDIRECT("Graphiques!L"&MATCH("Résultats IQA 207 81",#REF!,0)&"C"&#REF!,0),0,0,1,MATCH(MAX(#REF!),#REF!,0)-#REF!+1)
Name Données_207_Poissy_IQF_4SG: OFFSET(INDIRECT("Graphiques!L"&MATCH("Résultats IQF 207 81",#REF!,0)&"C"&#REF!,0),0,0,1,MATCH(MAX(#REF!),#REF!,0)-#REF!+1)
Name Données_207_Tranava_4SG: OFFSET(INDIRECT("Graphiques!L"&MATCH("Résultats IQF+IQA 207 76",#REF!,0)&"C"&#REF!,0),0,0,1,MATCH(MAX(#REF!),#REF!,0)-#REF!+1)
Name Données_207_Tranava_IQA_4SG: OFFSET(INDIRECT("Graphiques!L"&MATCH("Résultats IQA 207 76",#REF!,0)&"C"&#REF!,0),0,0,1,MATCH(MAX(#REF!),#REF!,0)-#REF!+1)
Name Données_207_Tranava_IQF_4SG: OFFSET(INDIRECT("Graphiques!L"&MATCH("Résultats IQF 207 76",#REF!,0)&"C"&#REF!,0),0,0,1,MATCH(MAX(#REF!),#REF!,0)-#REF!+1)
Name DWG_DATE: #REF!

Sheet Cover - History - Status
A1: DMOV
C2: Docinfo Ref : | D2: Version : | E2: Review Status : | F2: Current Evaluation :
B3: Project Document | C3: <fill doc ref here> | D3: =LOOKUP("zz",B50:B68) -> 1.0 | E3: =C73 -> Not Started | F3: =B77 -> 0
B4: Template Document | C4: DMOV_ELE06_0050 | D4: =LOOKUP("zz",B10:B45) -> Details of the modifications in document: 21067_23_00063
D6: Project : Supplier: | E6: <Fill project name here>
D7: Supplier : | E7: <Fill Supplier name here>
C10: SW Development Methods Overview and Verification (DMOV) Evaluation Grids for SW Development Rules, SW Safety and Cybersecurity
B12: Template History
B13: Version (DocInfo) | C13: Date | D13: Author | E13: Modifications
B14: V8 | C14: 12 December 2013 | D14: Fabrice BEDOUCHA | E14: Merge between software development rules V7 and software safety management checklist.
B15: V8.1 | C15: 21th August 2014 | D15: Fabrice BEDOUCHA | E15: Adding requirement REGLESSW-ST-11-007 Modifying of REGLESSW-ST-63-002 and REGLESSW-ST-63-003.
B16: V9 | C16: 13 October 2014 | D16: Yann-Mikaël FOLL | E16: Status of coding rules / ISO 26262 questions has been refined; distinction between conformity status, implementation satus, validation status. Deadlines has been refined as well; distinction between implementation delivery and validation delivery.
B17: V9.1 | C17: 11 December 2014 | D17: Fabrice BEDOUCHA | E17: Adding requirements REGLESSW-ST-63-005(0) and REGLESSW-ST-8-006(0)
B18: V9.2 | C18: 12 January 2015 | D18: Fabrice BEDOUCHA | E18: Adding requirement REGLESSW-ST-8-007(0)
B19: V9.3 | C19: 28 January 2015 | D19: Fabrice BEDOUCHA | E19: Replace µP by microcontroller Change of ISO 2626 Checklist numbers
B20: V9.4 | C20: 15 December 2015 | D20: S. BROUSTE | E20: - Worksheets "WP Mapping", "Graph Avancement", "Planning Info" created - Worksheet "Evaluation Status", separated from "Metrics" - "Are there sw components or functions safety related left without any technical safety measures? Added to ISO question ISO26262-6.7_140 - "Bug" in the graph because of the 2 temporal axes (not fixed) - Proposal to add a QIA worksheet and centralized all Q/A on these topics and show at the end that everything is closed; - actually, only the 4 first worksheets should be sent to the supplier : create an export / import macro?
B21: V15.1 | C21: 26/09/2017 | D21: S. BROUSTE | E21: in this worksheet, modification of cells that shall contain : - the reference of this document for the project - the reference of the DIA (if applicable) once it has been defined (which template? STLA? Supplier's one?) ; it shall be defined by the Functional Safety Managers (FSM) - this history shall be erased and replaced by the project document History
B22: V16 | C22: 12/01/2018 | D22: Fabrice BEDOUCHA | E22: Adding cybersecurity requirements
B23: V18 | C23: 27/02/2019 | D23: Farid MALLOULI | E23: Added global metrics for tracking review progress and conformity level with simpler metrics
B24: V19 | C24: 03/06/2019 | D24: Fabrice BEDOUCHA | E24: Update after internal reviews Software Development rules: REGLESSW-ST-5-004(0): new REGLESSW-ST-63-006(0): new REGLESSW-ST-63-007(0): new REGLESSW-ST-7-003(4): modified REGLESSW-ST-9-002(2): modified REGLESSW-ST-12-003(2): modified REGLESSW-ST-14-001(2): modified REGLESSW-ST-14-002(2): modified ISO 26262 checklist: ISO26262-6.7_30: modified ISO26262-8.11_10: new ISO26262-8.11_20: new ISO26262-8.12_10: new ISO26262-8.12_20: new
... B42: V37 | C42: 31 July 2025 | D42: Fabrice Bedoucha | E42: Answer to STLA SW Dev. Rules: REGLESSW-ST-62-004: New REGLESSW-ST-62-005: New REGLESSW-ST-63-001: New REGLESSW-ST-11-024: New REGLESSW-ST-11-025: New REGLESSW-ST-11-026: New REGLESSW-ST-8-007: Modified REGLESSW-ST-8-009: New REGLESSW-ST-8-010: New
B44: Details of the modifications in document: 21067_23_00063
B46: Do not erase this line, insert new lines above to keep formula for template version used in the head of document
B48: Document History
B49: Version (DocInfo) | C49: Date | D49: Author | E49: Modifications
B50: 1.0
B70: Evaluation Status
B71: To be filled by Stellantis (STLA)
B73: Review status | C73: Not Started
B75: Conclusion
B76: Level | C76: Current global Evaluation
C77: To be filled by STLA (mandatory)
B80: =CONCATENATE("Number of open action plans = ",SUM(COUNTIF(#REF!,"ongoing"),COUNTIF('ISO 26262-2018 Checklist'!P4:P59,"ongoing"),COUNTIF('Answer to security rules'!P4:P12,"ongoing"))," ( ",COUNTIF(#REF!,"ongoing")," in SW Dev Rules, ",COUNTIF('ISO 26262-2018 Checklist'!P4:P59,"ongoing")," in ISO26262 and ",COUNTIF('Answer to security rules'!P4:P12,"ongoing")," in Security Rules)") -> #REF!
B82: Project Planning Information
B83: Please always keep this planning information up to date (used for KPI calculation)
B85: Main SW Deliveries and milestones | E85: To be filled and maintained up to date (see help to fill project milestone on the right)
B87: RFQ Start | C87: RFQ End | D87: V1 | E87: V2 | F87: V3 | G87: V4 | H87: V5 | L87: DMOV Milestones | M87: Description | N87: Former project milestone
L88: RFQ Start | M88: Start of consultation phase | N88: RFQ Start
B89: Vx can be changed according to software version or milestones used in the project | L89: RFQ End | M89: End of consultation phase | N89: RFQ End
L90: V1 | M90: First full spec SW version | N90: ~Vf SW
B91: Key Progress Indicators | L91: V2 | M91: Intermediate corrective SW version | N91: VRS /~Vc1 SW
B92: Expected progress based on Project Planning Info (to keep up to date) | L92: V3 | M92: Final corrective SW version | N92: EL1 (~Vc3 SW)
L93: V4 | M93: Pre series SW version - SW Freezed | N93: EL2 (~Vcx SW)
B94: RFQ Phase | L94: V5 | M94: Start of mass production SW version | N94: AMC (~Vcx SW)
B96: REVIEW PROGRESS | C96: Supplier Conformity Status Progress | D96: STLA Conformity Status Progress | E96: Supplier + STLA Global Progress
B97: SW Dev Rules | C97: =(COUNTA(#REF!))/(COUNTA(#REF!)) -> 1 | D97: =(COUNTA(#REF!)-COUNTIF(#REF!,"TBA"))/(COUNTA(#REF!)) -> #REF! | E97: =AVERAGE(C97:D97) -> #REF! | L97: Example :
B98: Expected | C98: =IF(B167>=B88,IF(B167<=C88,C141+(B167-B88)*SLOPE(C141:C142,B88:C88),C142),C141) -> 1 | D98: =IF(B167>=B88,IF(B167<=C88,C141+(B167-B88)*SLOPE(C141:C142,B88:C88),C142),C141) -> 1 | E98: =AVERAGE(C98:D98) -> 1
B99: ISO26262 | C99: =(COUNTA('ISO 26262-2018 Checklist'!C4:C59))/(COUNTA('ISO 26262-2018 Checklist'!B4:B59)) -> 1 | D99: =(COUNTA('ISO 26262-2018 Checklist'!K4:K59)-COUNTIF('ISO 26262-2018 Checklist'!K4:K59,"TBA"))/(COUNTA('ISO 26262-2018 Checklist'!B4:B59)) -> 0 | E99: =AVERAGE(C99:D99) -> 0.5
B100: Expected | C100: =IF(B167>=B88,IF(B167<=C88,C141+(B167-B88)*SLOPE(C141:C142,B88:C88),C142),C141) -> 1 | D100: =IF(B167>=B88,IF(B167<=C88,C141+(B167-B88)*SLOPE(C141:C142,B88:C88),C142),C141) -> 1 | E100: =AVERAGE(C100:D100) -> 1
B101: Security Rules | C101: =(COUNTA('Answer to security rules'!C4:C12))/(COUNTA('Answer to security rules'!B4:B12)) -> 1 | D101: =(COUNTA('Answer to security rules'!K4:K12)-COUNTIF('Answer to security rules'!K4:K12,"TBA"))/(COUNTA('Answer to security rules'!B4:B12)) -> 0 | E101: =AVERAGE(C101:D101) -> 0.5
B102: Expected | C102: =IF(B167>=B88,IF(B167<=C88,C141+(B167-B88)*SLOPE(C141:C142,B88:C88),C142),C141) -> 1 | D102: =IF(B167>=B88,IF(B167<=C88,C141+(B167-B88)*SLOPE(C141:C142,B88:C88),C142),C141) -> 1 | E102: =AVERAGE(C102:D102) -> 1
B103: Implementation and Validation Status NA for RFQ Phase
B105: CONFORMITY LEVEL | C105: STLA Global Conformity Level | D105: STLA Key Points Conformity Level
B106: SW Dev Rules | C106: =(COUNTIF(#REF!,"OK")+COUNTIF(#REF!,"NA"))/(COUNTA(#REF!)) -> #REF! | D106: =(COUNTIFS(#REF!,"OK",#REF!,"X")+COUNTIFS(#REF!,"NA",#REF!,"X"))/(COUNTA(#REF!)) -> #REF!
B107: Expected | C107: =IF(B167>=B88,IF(B167<C88,C151+(B167-B88)*SLOPE(C151:C152,B88:C88),C152),C151) -> 0.8 | D107: =IF(B167>=B88,IF(B167<=C88,D151+(B167-B88)*SLOPE(D151:D152,B88:C88),D152),D151) -> 1
B108: ISO26262 | C108: =(COUNTIF('ISO 26262-2018 Checklist'!K4:K59,"OK")+COUNTIF('ISO 26262-2018 Checklist'!K4:K59,"NA"))/(COUNTA('ISO 26262-2018 Checklist'!B4:B59)) -> 0 | D108: =(COUNTIFS('ISO 26262-2018 Checklist'!K2:K67,"OK",'ISO 26262-2018 Checklist'!R2:R67,"X")+COUNTIFS('ISO 26262-2018 Checklist'!K2:K67,"NA",'ISO 26262-2018 Checklist'!R2:R67,"X"))/(COUNTA('ISO 26262-2018 Checklist'!R4:R59)) -> 0
B109: Expected | C109: =C107 -> 0.8 | D109: =IF(B167>=B88,IF(B167<=C88,D151+(B167-B88)*SLOPE(D151:D152,B88:C88),D152),D151) -> 1
B110: Security Rules | C110: =(COUNTIF('Answer to security rules'!K4:K12,"OK")+COUNTIF('Answer to security rules'!K4:K12,"NA"))/(COUNTA('Answer to security rules'!B4:B12)) -> 0
B111: Expected | C111: =C107 -> 0.8 | D111: =IF(B167>=B88,IF(B167<=C88,D151+(B167-B88)*SLOPE(D151:D152,B88:C88),D152),D151) -> 1
B112: Implementation and Validation Status NA for RFQ Phase
B114: EXPECTED TARGETS | C114: Supplier + STLA Global Progress | D114: STLA Global Conformity Level | E114: STLA Key Points Conformity Level
B115: Before end of RFQ | C115: 1 | D115: 0.8 | E115: 1
B119: Development Phase
C121: Supplier | F121: STLA | I121: Supplier + STLA Global Progress
B122: REVIEW PROGRESS | C122: Conformity Status Progress | D122: Implementation Status Progress | E122: Validation Status Progress | F122: Conformity Status Progress | G122: Implementation Status Progress | H122: Validation Status Progress
B123: SW Dev Rules | C123: =C97 -> 1 | D123: =(COUNTA(#REF!))/(COUNTA(#REF!)) -> 1 | E123: =(COUNTA(#REF!))/(COUNTA(#REF!)) -> 1 | F123: =D97 -> #REF! | G123: =(COUNTA(#REF!)-COUNTIF(#REF!,"TBA"))/(COUNTA(#REF!)) -> #REF! | H123: =(COUNTA(#REF!)-COUNTIF(#REF!,"TBA"))/(COUNTA(#REF!)) -> #REF! | I123: =AVERAGE(C123:H123) -> #REF!
B124: Expected | C124: =C98 -> 1 | D124: =IF(B167>=C88,IF(B167<=D88,E142+(B167-C88)*SLOPE(E142:E143,C88:D88),E143),E142) -> 1 | E124: =IF(B167>=C88,IF(B167<=D88,G142+(B167-C88)*SLOPE(G142:G143,C88:D88),IF(B167<=E88,G143+(B167-D88)*SLOPE(G143:G144,D88:E88),G144)),G142) -> 1 | F124: =D98 -> 1 | G124: =IF(B167>=C88,IF(B167<=D88,E142+(B167-C88)*SLOPE(E142:E143,C88:D88),E143),E142) -> 1 | H124: =IF(B167>=C88,IF(B167<=D88,G142+(B167-C88)*SLOPE(G142:G143,C88:D88),IF(B167<=E88,G143+(B167-D88)*SLOPE(G143:G144,D88:E88),G144)),G142) -> 1 | I124: =AVERAGE(C124:H124) -> 1
B125: ISO26262 | C125: =C99 -> 1 | D125: =(COUNTA('ISO 26262-2018 Checklist'!D4:D59))/(COUNTA('ISO 26262-2018 Checklist'!B4:B59)) -> 0 | E125: =(COUNTA('ISO 26262-2018 Checklist'!G4:G59))/(COUNTA('ISO 26262-2018 Checklist'!B4:B59)) -> 0 | F125: =D99 -> 0 | G125: =(COUNTA('ISO 26262-2018 Checklist'!L4:L59)-COUNTIF('ISO 26262-2018 Checklist'!L4:L59,"TBA"))/(COUNTA('ISO 26262-2018 Checklist'!B4:B59)) -> 0.15555556 | H125: =(COUNTA('ISO 26262-2018 Checklist'!M4:M59)-COUNTIF('ISO 26262-2018 Checklist'!M4:M59,"TBA"))/(COUNTA('ISO 26262-2018 Checklist'!B4:B59)) -> 0.15555556 | I125: =AVERAGE(C125:H125) -> 0.21851852
B126: Expected | C126: =C100 -> 1 | D126: =IF(B167>=C88,IF(B167<=D88,E142+(B167-C88)*SLOPE(E142:E143,C88:D88),E143),E142) -> 1 | E126: =IF(B167>=C88,IF(B167<=D88,G142+(B167-C88)*SLOPE(G142:G143,C88:D88),IF(B167<=E88,G143+(B167-D88)*SLOPE(G143:G144,D88:E88),G144)),G142) -> 1 | F126: =D100 -> 1 | G126: =IF(B167>=C88,IF(B167<=D88,E142+(B167-C88)*SLOPE(E142:E143,C88:D88),E143),E142) -> 1 | H126: =IF(B167>=C88,IF(B167<=D88,G142+(B167-C88)*SLOPE(G142:G143,C88:D88),IF(B167<=E88,G143+(B167-D88)*SLOPE(G143:G144,D88:E88),G144)),G142) -> 1 | I126: =AVERAGE(C126:H126) -> 1
B127: Security Rules | C127: =C101 -> 1 | D127: =(COUNTA('Answer to security rules'!D4:D12))/(COUNTA('Answer to security rules'!B4:B12)) -> 0 | E127: =(COUNTA('Answer to security rules'!G4:G12))/(COUNTA('Answer to security rules'!B4:B12)) -> 0 | F127: =D101 -> 0 | G127: =(COUNTA('Answer to security rules'!L4:L12)-COUNTIF('Answer to security rules'!L4:L12,"TBA"))/(COUNTA('Answer to security rules'!B4:B12)) -> 0 | H127: =(COUNTA('Answer to security rules'!M4:M12)-COUNTIF('Answer to security rules'!M4:M12,"TBA"))/(COUNTA('Answer to security rules'!B4:B12)) -> 0 | I127: =AVERAGE(C127:H127) -> 0.16666667
B128: Expected | C128: =C102 -> 1 | D128: =IF(B167>=C88,IF(B167<=D88,E142+(B167-C88)*SLOPE(E142:E143,C88:D88),E143),E142) -> 1 | E128: =IF(B167>=C88,IF(B167<=D88,G142+(B167-C88)*SLOPE(G142:G143,C88:D88),IF(B167<=E88,G143+(B167-D88)*SLOPE(G143:G144,D88:E88),G144)),G142) -> 1 | F128: =D102 -> 1 | G128: =IF(B167>=C88,IF(B167<=D88,E142+(B167-C88)*SLOPE(E142:E143,C88:D88),E143),E142) -> 1 | H128: =IF(B167>=C88,IF(B167<=D88,G142+(B167-C88)*SLOPE(G142:G143,C88:D88),IF(B167<=E88,G143+(B167-D88)*SLOPE(G143:G144,D88:E88),G144)),G142) -> 1 | I128: =AVERAGE(C128:H128) -> 1
B129: WP Mapping | C129: =COUNTA('WP Mapping'!C6:D47)/(2*COUNTA('WP Mapping'!A6:A46)) -> 0.32926829 | I129: =C129 -> 0.32926829
C131: Supplier | F131: STLA | I131: STLA Global conformity Level
B132: CONFORMITY LEVEL | C132: Conformity Status | D132: Implementation Status | E132: Validation Status | F132: Conformity Status | G132: Implementation Status | H132: Validation Status
B133: SW Dev Rules | C133: =(COUNTIF(#REF!,"FC")+COUNTIF(#REF!,"NA"))/(COUNTA(#REF!)) -> #REF! | D133: =(COUNTIF(#REF!,"OK")+COUNTIF(#REF!,"NA"))/(COUNTA(#REF!)) -> #REF! | E133: =(COUNTIF(#REF!,"OK")+COUNTIF(#REF!,"NA"))/(COUNTA(#REF!)) -> #REF! | F133: =C106 -> #REF! | G133: =(COUNTIF(#REF!,"OK")+COUNTIF(#REF!,"NA"))/(COUNTA(#REF!)) -> #REF! | H133: =(COUNTIF(#REF!,"OK")+COUNTIF(#REF!,"NA"))/(COUNTA(#REF!)) -> #REF! | I133: =AVERAGE(C133:H133) -> #REF!
B134: Expected | C134: =IF(B167>=B88,IF(B167<=C88,C151+(B167-B88)*SLOPE(C151:C152,B88:C88),IF(B167<=D88,C152+(B167-C88)*SLOPE(C152:C153,C88:D88),C153)),C151) -> 1 | D134: =IF(B167>=C88,IF(B167<=D88,E152+(B167-C88)*SLOPE(E152:E153,C88:D88),E153),E152) -> 1 | E134: =IF(B167>=C88,IF(B167<=D88,G152+(B167-C88)*SLOPE(G152:G153,C88:D88),IF(B167<=E88,G153+(B167-D88)*SLOPE(G153:G154,D88:E88),G154)),G152) -> 1 | F134: =C134 -> 1 | G134: =IF(B167>=C88,IF(B167<=D88,E152+(B167-C88)*SLOPE(E152:E153,C88:D88),E153),E152) -> 1 | H134: =IF(B167>=C88,IF(B167<=D88,G152+(B167-C88)*SLOPE(G152:G153,C88:D88),IF(B167<=E88,G153+(B167-D88)*SLOPE(G153:G154,D88:E88),G154)),G152) -> 1 | I134: =AVERAGE(C134:H134) -> 1
B135: ISO26262 | C135: =(COUNTIF('ISO 26262-2018 Checklist'!C4:C59,"FC")+COUNTIF('ISO 26262-2018 Checklist'!C4:C59,"NA"))/(COUNTA('ISO 26262-2018 Checklist'!B4:B59)) -> 1 | D135: =(COUNTIF('ISO 26262-2018 Checklist'!D4:D59,"OK")+COUNTIF('ISO 26262-2018 Checklist'!D4:D59,"NA"))/(COUNTA('ISO 26262-2018 Checklist'!B4:B59)) -> 0 | E135: =(COUNTIF('ISO 26262-2018 Checklist'!G4:G59,"OK")+COUNTIF('ISO 26262-2018 Checklist'!G4:G59,"NA"))/(COUNTA('ISO 26262-2018 Checklist'!B4:B59)) -> 0 | F135: =C108 -> 0 | G135: =(COUNTIF('ISO 26262-2018 Checklist'!L4:L59,"OK")+COUNTIF('ISO 26262-2018 Checklist'!L4:L59,"NA"))/(COUNTA('ISO 26262-2018 Checklist'!B4:B59)) -> 0.15555556 | H135: =(COUNTIF('ISO 26262-2018 Checklist'!L4:L59,"OK")+COUNTIF('ISO 26262-2018 Checklist'!L4:L59,"NA"))/(COUNTA('ISO 26262-2018 Checklist'!B4:B59)) -> 0.15555556 | I135: =AVERAGE(C135:H135) -> 0.21851852
B136: Expected | C136: =C134 -> 1 | D136: =IF(B167>=C88,IF(B167<=D88,E152+(B167-C88)*SLOPE(E152:E153,C88:D88),E153),E152) -> 1 | E136: =IF(B167>=C88,IF(B167<=D88,G152+(B167-C88)*SLOPE(G152:G153,C88:D88),IF(B167<=E88,G153+(B167-D88)*SLOPE(G153:G154,D88:E88),G154)),G152) -> 1 | F136: =C136 -> 1 | G136: =IF(B167>=C88,IF(B167<=D88,E152+(B167-C88)*SLOPE(E152:E153,C88:D88),E153),E152) -> 1 | H136: =IF(B167>=C88,IF(B167<=D88,G152+(B167-C88)*SLOPE(G152:G153,C88:D88),IF(B167<=E88,G153+(B167-D88)*SLOPE(G153:G154,D88:E88),G154)),G152) -> 1 | I136: =AVERAGE(C136:H136) -> 1
B137: Security Rules | C137: =(COUNTIF('Answer to security rules'!C4:C12,"FC")+COUNTIF('Answer to security rules'!C4:C12,"NA"))/(COUNTA('Answer to security rules'!B4:B12)) -> 1 | D137: =(COUNTIF('Answer to security rules'!D4:D12,"OK")+COUNTIF('Answer to security rules'!D4:D12,"NA"))/(COUNTA('Answer to security rules'!B4:B12)) -> 0 | E137: =(COUNTIF('Answer to security rules'!G4:G12,"OK")+COUNTIF('Answer to security rules'!G4:G12,"NA"))/(COUNTA('Answer to security rules'!B4:B12)) -> 0 | F137: =C110 -> 0 | G137: =(COUNTIF('Answer to security rules'!L4:L12,"OK")+COUNTIF('Answer to security rules'!L4:L12,"NA"))/(COUNTA('Answer to security rules'!B4:B12)) -> 0 | H137: =(COUNTIF('Answer to security rules'!L4:L12,"OK")+COUNTIF('Answer to security rules'!L4:L12,"NA"))/(COUNTA('Answer to security rules'!B4:B12)) -> 0 | I137: =AVERAGE(C137:H137) -> 0.16666667
B138: Expected | C138: =C134 -> 1 | D138: =IF(B167>=C88,IF(B167<=D88,E152+(B167-C88)*SLOPE(E152:E153,C88:D88),E153),E152) -> 1 | E138: =IF(B167>=C88,IF(B167<=D88,G152+(B167-C88)*SLOPE(G152:G153,C88:D88),IF(B167<=E88,G153+(B167-D88)*SLOPE(G153:G154,D88:E88),G154)),G152) -> 1 | F138: =C138 -> 1 | G138: =IF(B167>=C88,IF(B167<=D88,E152+(B167-C88)*SLOPE(E152:E153,C88:D88),E153),E152) -> 1 | H138: =IF(B167>=C88,IF(B167<=D88,G152+(B167-C88)*SLOPE(G152:G153,C88:D88),IF(B167<=E88,G153+(B167-D88)*SLOPE(G153:G154,D88:E88),G154)),G152) -> 1 | I138: =AVERAGE(C138:H138) -> 1
B140: EXPECTED TARGETS (Progress) | C140: STLA Global Conformity Progr. | D140: STLA Key Points Conformity Prog. | E140: STLA Global Implement. Progr. | F140: STLA Key Points Implement. Progr. | G140: STLA Global Validation Prog. | H140: STLA Key Points Validation Prog. | I140: Remark / Number of Open Action Plans
B141: =B87 -> RFQ Start | C141: 0 | D141: 0 | E141: 0 | F141: 0 | G141: 0 | H141: 0 | I141: Doc sent to Supplier
B142: =C87 -> RFQ End | C142: =C115 -> 1 | D142: =E115 -> 1 | E142: 0 | F142: 0 | G142: 0 | H142: 0 | I142: Red if Progress < 80%
B143: =D87 -> V1 | C143: 1 | D143: 1 | E143: 1 | F143: 1 | G143: 0.8 | H143: 1 | I143: Red if Progress < 80%
B144: =E87 -> V2 | C144: 1 | D144: 1 | E144: 1 | F144: 1 | G144: 1 | H144: 1 | I144: Red if Progress < 80%
B145: =F87 -> V3 | C145: 1 | D145: 1 | E145: 1 | F145: 1 | G145: 1 | H145: 1 | I145: Possible action plans
B146: =G87 -> V4 | C146: 1 | D146: 1 | E146: 1 | F146: 1 | G146: 1 | H146: 1 | I146: Red if open action plans
B147: =H87 -> V5 | C147: 1 | D147: 1 | E147: 1 | F147: 1 | G147: 1 | H147: 1 | I147: Review should be closed
B148: For all sheets except WP Planning
B150: EXPECTED TARGETS (Conformity) | C150: STLA Global Conformity Level | D150: STLA Key Points Conformity Level | E150: STLA Global Implement. Level | F150: STLA Key Points Implement. Level | G150: STLA Global Validation Level | H150: STLA Key Points Validation Level | I150: Remark / Number of Open Action Plans
B151: =B87 -> RFQ Start | C151: 0 | D151: 0 | E151: 0 | F151: 0 | G151: 0 | H151: 0 | I151: Doc sent to Supplier
B152: =C87 -> RFQ End | C152: 0.8 | D152: 1 | E152: 0 | F152: 0 | G152: 0 | H152: 0 | I152: Doc sent to Supplier
B153: =D87 -> V1 | C153: 1 | D153: 1 | E153: 1 | F153: 1 | G153: 0.8 | H153: 1 | I153: Red if Conformity < 80%
B154: =E87 -> V2 | C154: 1 | D154: 1 | E154: 1 | F154: 1 | G154: 1 | H154: 1 | I154: Red if Conformity < 80%
B155: =F87 -> V3 | C155: 1 | D155: 1 | E155: 1 | F155: 1 | G155: 1 | H155: 1 | I155: Possible action plans
B156: =G87 -> V4 | C156: 1 | D156: 1 | E156: 1 | F156: 1 | G156: 1 | H156: 1 | I156: Red if open action plans
B157: =H87 -> V5 | C157: 1 | D157: 1 | E157: 1 | F157: 1 | G157: 1 | H157: 1 | I157: Review should be closed
B158: For all sheets except WP Planning
B161: SW Dev Rules & ISO26262 review Progress Graph
B162: Based in Project planning Info and Expected Targets
...

Sheet ReadMe
A1: DMOV
A2: This document is applied to all embedded software developed for Stellantis. The supplier shall apply each requirement. However the supplier can propose an alternative solution or explain the reason why it cannot fulfill the requirement. The aim is not to get all requirements applied but to get a consistent set of applied requirements, especially in term of software safety. These requirements are not exhaustive and it is up to the supplier to apply other requirements, for example based on its lessons learned, which can ensure the robustness of its product. These requirements are constantly evolving according to lessons learned from projects. So please note, that in case of lesson learned with high impact, new applicable requirements could be added to this document. STLA answer is facultative in colums "STLA review status", however, even if STLA answer is "OK", the supplier stays responsible for its technical choices, implementation and tests.
A3: How to fill the document : - In column C, the supplier indicates the expected level of conformity. if it is "FC : Fully Compliant" - "LC : Largely Compliant" - "PC : Partially Compliant" - "NC: No Compliant" or if the requirement is "NA: Not Applicable". Note that column C does not reflect the current conformity level but the expected one at the end of the project. - In column D, the supplier indicates the current implementation status. - In column E, the supplier indicates the software version for which the implementation of the requirement is planned. - In column F, the supplier indicates in which software version the requirement is really implemented. - In column G, the supplier indicates the current validation status. - In column H, the supplier indicates the software version for which the validation of the requirement is planned. - In column I, the supplier indicates in which software version the requirement is really validated. - In column J, the supplier adds a comment to explain its choices, and all necessary informations on implementation and validation progression. In particular, if column C is different from FC (Fully Compliant), the supplier shall add an explanation here. For Request For Quotation, only columns C, E, H and J shall be filled in sheets: - Answer to STLA SW Dev. Rules - ISO 26262-2018 Checklist - Answer to security rules - These requirements are applicable to ECUs without cybersecurity. In the following cases, for a single ECU, several DMOVs have to be filled: - In case of several microcontrollers: one DMOV per microcontroller (otherwise it shall be justified) - In case of several Tier N suppliers: one DMOV between STLA and Tier 1 + additional DMOV between each Tier 1 and Sub Suppliers
A4: To ease the review, SW Dev Rules and ISO26262 contains a classification of questions, to focus on specific topics (definition in hidden sheet).
A5: The Key points, identified by a 'X' in each checklist, have to be reviewed in priority.
A6: In case of action plan defined on any question, please fill the action plan status in the corresponding column at the end of the checklists.
A8: Note: Do not change the format of the document (new column, new line, content of the columns…) in order to keep formulas working properly (keep excel sheet protection activated)
B9: Frontsheet - Metrics explanation
A11: The frontsheet of this document contains several information explained here (some values are filled just for the example)
A13: The first part contains global project information, the user has to fill document reference, Supplier and Project name.
A14: Only editable cells can be modified, the sheet is protected (no password). Some lines are grouped to hide detailed level of information.
A22: After document history, the Evaluation Status section contains information to be filled by STLA along the review.
A23: During the review, some action plans could be defined in the checklists (see last column of each checklist), they are reported here.
A24: All actions plan have to be closed before the defined milestone.
A37: An important section is the project planning , it must be always kept up to date in order for the review progress calculation formulas to work.
A45: The Key Progress Indicators contains useful metrics to track review progress and conformity level againt project planning.
A46: The metrics are colored in orange (up to 20% late) and red (more than 20% late) if review is not on track compared to expected targets.
A47: For each metrics a table gives this expected target for the related milestone.
A51: Example below for RFQ phase, the line 'expected' is the calculation of expected target (at least) for current date considering planning information.
A52: Some questions, identified as 'Key Points' have a specific metrics because they have too be all reviewed and agreed before RFQ End.
... A89: Finally, a graphical view of the review progress is provided at the end of the frontsheet. The dots should be all above the corresponding curve.

Sheet Answer to STLA SW Dev. Rules
A1: DMOV
A2: Requirement | B2: Description | C2: Supplier answer | K2: STLA review status
C3: Conformity Status | D3: Implementation Status | E3: Implementation delivery (planned) | F3: Implementation delivery (real) | G3: Verification & Validation Status | H3: Verification & Validation delivery (planned) | I3: Verification & Validation delivery (real) | J3: Justification/Answer | K3: Conformity Status | L3: Implementation Status | M3: Verification & Validation Status | N3: Remark | O3: Documents or Meeting Minutes References | P3: Action Plan | Q3: Topic classification | R3: Key Pt
A4: GENERIC RULES | V4: NA | W4: Not Applicable | X4: =COUNTIF(C$5:C$151,"NA") -> 23 | AA4: OK | AB4: =COUNTIF(K$5:K$151,"OK") -> 0 | AD4: OK | AE4: OK | AF4: =COUNTIF(K$5:K$256,"OK") -> 0 | AH4: Action Plan
A5: REGLESSW-ST-5-003(2) | B5: The reason for the last reset shall be memorized and accessible | C5: FC | J5: TIANMA: MCU has Reg/EEPROM to store last reset reason for HW reset reason. EEPROM has store reset reason for SW reset reason before reset handle | P5: - | Q5: SW Design Rules and technical REX | R5: X | V5: NC | W5: No compliant | X5: =COUNTIF(C$5:C$151,"NC") -> 0 | AA5: NOK | AB5: =COUNTIF(K$5:K$151,"NOK") -> 0 | AD5: NOK | AE5: NOK | AF5: =COUNTIF(K$5:K$256,"NOK") -> 0 | AH5: -
A6: REGLESSW-ST-5-002(4) | B6: A mechanism shall be developed to detect micro continuously resetting (excluding the case of Power on Reset). Once detected, the associated behavior should: • First, assure security, • Then, protect the rest of the car against battery failure, • Last, avoid system failure The mechanism of detection of continuous resets and the behavior in case of detection shall be described and approved by STLA. | C6: FC | J6: If the watchdog reset is detected for 10 consecutive times, the MCU will stop the watchdog reset and also cease operation. | P6: - | Q6: SW Design Rules and technical REX | V6: PC | W6: Partly compliant | X6: =COUNTIF(C$5:C$151,"PC") -> 0 | AA6: NA | AB6: =COUNTIF(K$5:K$151,"NA") -> 0 | AD6: TBA | AE6: To Be Assessed | AF6: =COUNTIF(K$5:K$256,"TBA") -> 0 | AH6: ongoing
A7: REGLESSW-ST-5-001(1) | B7: For any usage of CRC mechanism, the choice of the polynomial (size and degree) shall be justified. | C7: FC | J7: TIANMA: CRC32 will be done in NVM module. | P7: - | Q7: SW Design Rules and technical REX | V7: LC | W7: Largely compliant | X7: =COUNTIF(C$5:C$151,"LC") -> 6 | AD7: NA | AE7: Not Applicable | AF7: =COUNTIF(K$5:K$256,"NA") -> 0 | AH7: closed
A8: REGLESSW-ST-5-004(0) | B8: If the software update includes the update of the firmware of a sub-chip (GPS, Bluetooth, HSM, Ethernet switch etc …) this update shall be done during installation of the new software and not during nominal new software execution. | C8: FC | P8: - | Q8: SW Design Rules and technical REX | R8: X | V8: FC | W8: Fully compliant | X8: =COUNTIF(C$5:C$151,"FC") -> 74
A9: MEMORY MANAGEMENT
A10: REGLESSW-ST-61-001(2) | B10: After wake up, RAM shall be tested. This test could consist in writing then reading a pattern (0x55AA classically), in every RAM address. In case of error, a reset shall be forced. If the complete test is not compatible with the init timing required for the component, test can be reduced to critical variables. | C10: LC | J10: TIANMA: SRAM include Stack. Init RAM,No-Init RAM and heap area. Due to some key data should store in RAM, only Init RAM area can be tested. Will be implemented. | P10: - | Q10: SW Design Rules and technical REX
A11: REGLESSW-ST-62-001(2) | B11: RAM shall be initialized at each wake up with a justified value. If this is not possible (RAM_NO_INIT mechanism for example), final choice done should be justified. Supplier shall provide to STLA the list of data stored in the non initialized memory. | C11: FC | J11: SRAM include Stack. Init RAM,No-Init RAM and heap area. | P11: - | Q11: SW Design Rules and technical REX | R11: X
A12: REGLESSW-ST-62-004(0) | B12: If supplier uses RAM NO INIT instead of Non Volatile Memory, it shall be justified. In particular in case of reset, there shall not be any malfunction when using RAM NO INIT. | C12: FC | J12: Due to some key data should store in RAM, only Init RAM area can be tested. Will be implemented
A13: REGLESSW-ST-62-005(0) | B13: Data saved in Non Volatile Memory and not erased in case of software update shall be listed and justified. | C13: FC
A14: REGLESSW-ST-63-005(0) | B14: If microcontroller allows ECC (Error Correction Code) management in flash and/or RAM it shall be activated. | C14: FC | J14: TIANMA: Microcontroller(CYT2B75) support ECC ,and it will be activated. | P14: - | Q14: SW Design Rules and technical REX | R14: X
A15: REGLESSW-ST-63-006(0) | B15: The supplier shall prove that during all the use of its product, the maximal number of writing in the EEPROM or Flash is never reached. A study shall be done and shared with STLA for validation. | C15: FC | J15: TIANMA: For this project, Tianma will purchase fee fls from Infineon , this third party mechanisms will average number of brush per area | P15: - | Q15: SW Design Rules and technical REX | R15: X
A16: REGLESSW-ST-63-007(1) | B16: The supplier shall guaranty data retention in non-volatile memory during the complete period of use of its product. A study shall be done and shared with STLA for validation. | C16: FC | J16: TIANMA: The data has store in NVM map excel | P16: - | Q16: SW Design Rules and technical REX | R16: X
A17: REGLESSW-ST-63-008(0) | B17: The use of common data sections, where the same address in memory is shared between two or more different symbols shall be avoided, e.g. common data buffer for different CAN messages. If used, it shall be justified. The reason of that choice is to avoid production of not portable software. Moreover, it could potentially introduce side effects, difficult to estimate. | C17: FC | J17: TIANMA: There is no situation where different data uses a common data address
A18: REGLESSW-ST-63-009(0) | B18: In case of different memory partitions (Flash and/or RAM) with different performances (e.g. ram partitions dedicated to one core vs global shared RAM partition, ...). The allocation strategy shall be defined and justified | C18: NA | J18: TIANMA: No Share memory will be used in this project
A19: Specific to "Autosar Classic - Operating System like OSEK - Scheduler and below"
A20: REGLESSW-ST-61-002(2) | B20: After wake up, flash shall be tested. This test could consist in reading flash and calculate a CRC, which CRC shall be equal to a CRC already written in flash. If the complete test is not compatible with the init timing required for the component, test can be reduced to critical code areas. | C20: LC | J20: TIANMA: Flash code area is too big size, if check all data need spend more than 100ms, it will effect start-up time.So only check NVM area in flash . After system wakeup, will check NVM data CRC value whethter equal to CRC byte. | P20: - | Q20: SW Design Rules and technical REX
A21: REGLESSW-ST-62-003(2) | B21: If microcontroller contains some non used FLASH or ROM, this one shall be initialized with the code of an instruction forcing a reset. | C21: FC | J21: TIANMA: useless ROM address will fullfill with 0xFF via IDE setting | P21: - | Q21: SW Design Rules and technical REX | R21: X
A22: REGLESSW-ST-63-001(1) | B22: Executable code loading from FLASH, EEPROM or ROM to RAM shall be justified and protected (specific CRC for example). | C22: LC | J22: After system wakeup, will check NVM data CRC value whethter equal to CRC byte.
A23: REGLESSW-ST-63-002(4) | B23: EEPROM data blocks shall be protected with a CRC. This CRC shall be calculated at each writing and checked at each reading. Every non protected area shall be justified. The aim is to manage two constraints : - Ageing EEPROM memory cells after many writings. - Power off during writing in EEPROM A similar mechanism shall be put in place in case of EEPROM emulation in flash. | C23: FC | J23: TIANMA: EEPROM divide by 4 blocks, every blocks has dependence CRC. If data is changed, will write whole block. Not effect age of other data. If power of during writing EEPROM, after reset will check EEPROM CRC. If one block CRC is incorrectly, will use default data which store in ROM for this block. | P23: - | Q23: SW Design Rules and technical REX | R23: X
A24: REGLESSW-ST-63-015(0) | B24: EEPROM emulation in Data Flash (E.g. Autosar NVM classical design solution) introduces flash page switching and flash page erase operations (long process) during ECU activity. This design solution opens the door to two use cases: - Timing impact when the page swap becomes necessary (nominal case or error recovery) - Power off during page writing or page erase Design solution shall be associated with efficient management of those two use cases and supplier shall document how the management of them is compatible with all the requirements of the ECU related to: - Error recovery, - timing requirements at startup and during shutdown when startup demand happens during shutdown, in nominal mode and also during error recovery. The validation plan shall address and test all the corresponding use cases and demonstrate the robustness of the software. | C24: FC | J24: Display will check Wake up pin status before pull down MCU pin to low and complete power off sequence,if Wake up pin status is high,then will not pull down MCU pin to low and execute power on sequence. The validation plan will provide and review with STLA
A25: REGLESSW-ST-63-003(3) | B25: Copying an EEPROM block into RAM memory, in order to increase response time at runtime or to reduce EEPROM access is possible. Supplier shall provide to STLA mechanism used to guarantee a safe behavior at the init time after the reset. A similar mechanism shall be put in place in case of EEPROM emulation in flash. | C25: FC | J25: TIANMA: FEE will mirror the NVM data in RAM and to make sure the access NVM are under control | P25: - | Q25: SW Design Rules and technical REX | R25: X
A26: REGLESSW-ST-63-004(0) | B26: Dynamic memory allocation is forbidden. | C26: FC | J26: TIANMA: Dynamic memory allocation is not used.Code review will check dynamic memory allocation. | P26: - | Q26: SW Design Rules and technical REX | R26: X
A27: Specific to "Multiple OS/Virtualization"
A28: REGLESSW-ST-63-010(0) | B28: The Flash and RAM allocation to the different virtualized contexts (VMs, …) shall be justified. This strategy and justification shall include also the eventual RAM/Flash dedicated to some HW accelerators (GPU, …) | C28: NA | J28: TIANMA: Display is used MCU, no virtualization
A29: REGLESSW-ST-63-011(0) | B29: The strategy to manage shared memory between the different virtualized contexts shall be explained and justified. In particular, it will be explained how to avoid race condition issues. | C29: NA | J29: TIANMA: Display is used MCU, no virtualization
A30: REGLESSW-ST-63-013(0) | B30: In case of shared GPU and/or shared Display between several virtualized contexts, the strategy shall be explained and justified. In particular, the way eventual different HMI/Graphical frameworks are at the end shared in a single GPU shall be detailed and justified. | C30: NA | J30: TIANMA: Display is used MCU, no virtualization
A31: REGLESSW-ST-63-014(0) | B31: The peripherals sharing strategy shall be explained and justified (E.g. Ethernet connection). | C31: NA | J31: TIANMA: Display is not sharing peripherals.
A32: Specific to "Extra cores (HSM, Low consumption, …)"
A33: REGLESSW-ST-63-012(0) | B33: In case of shared memory between the main cores and those extra cores, the strategy of management of this shared memory shall be detailed and justified. In particular, it will be explained how to avoid race condition accessing shared areas. | C33: NA | J33: TIANMA: Display is not sharing memory.
A34: INTERRUPTS MANAGEMENT
A35: REGLESSW-ST-7-001(3) | B35: A handler function shall be associated with every interrupt and exception vectors. If an interrupt is not used, it is associated with a function forcing a reset and keeping a trace of the reset. Unexpected exceptions shall be handled by an appropriate reaction (most often a reset). | C35: FC | J35: TIANMA: If an useless interrupt be abnormal triger, SW should store reset reason in EEPROM and execute system reset. | P35: - | Q35: SW Design Rules and technical REX | R35: X
A36: REGLESSW-ST-7-002(0) | B36: A non used interrupt shall be masked | C36: FC | J36: TIANMA: NVIC init will disable all interrupt. If one interrupt will be used, will be enable | P36: - | Q36: SW Design Rules and technical REX | R36: X
A37: REGLESSW-ST-7-003(4) | B37: A protection mechanism shall be developed against inopportune interrupts (more than x executions of the interrupt in less than y ms) to protect the execution of the rest of the program. | C37: FC | J37: TIANMA: WDGM will detect the interrupt excute count. | P37: - | Q37: SW Design Rules and technical REX
A38: REGLESSW-ST-7-004(0) | B38: Non maskable interrupt usage (except for the watchdog) shall be justified. Especially, every parts of code developed to normally run with masked interrupts shall be designed to be interruptible by these non maskable interrupts. | C38: FC | P38: - | Q38: SW Design Rules and technical REX | R38: X
A39: REGLESSW-ST-7-005(1) | B39: Changing interrupt priority at runtime is forbidden. | C39: FC | J39: TIANMA: The priority of interrupt has set at module init for once. It can not be changed at runtime | P39: - | Q39: SW Design Rules and technical REX | R39: X
A40: REGLESSW-ST-7-006(1) | B40: Executing parts of code with interrupts masked or partially masked shall be justified and be as short as possible (typically 50µs). Supplier shall calculate all critical sections in its code and shall guarantee that every real time requirements are fulfilled. | C40: FC | J40: TIANMA: Code view will check the Enter/Exit critical section handle | P40: - | Q40: SW Design Rules and technical REX | R40: X
A41: REGLESSW-ST-7-007(1) | B41: Possibility to enable disable interrupt « by cascading » shall not be used: This example shall not be followed : DISABLE IT1 // IT1 disabled … // code execution DISABLE IT2 // IT2 disabled … // code execution ENABLE IT // All ITs enabled | C41: FC | P41: - | Q41: SW Design Rules and technical REX | R41: X
A42: REGLESSW-ST-7-008(0) | B42: Use of nesting of disable and enable interrupts shall be justified. In case of its use, a counter shall be used: counter shall be incremented each time interrupts are disabled and decremented each time interrupts are enabled. Interrupts will be really enabled when counter will be equal to 0. | C42: FC | J42: TIANMA: Enter critical section will count +1 when disable interrupt Exit critical section will count -1 when enable interrupt Every interrupt will check count is equal with 0 | P42: - | Q42: SW Design Rules and technical REX | R42: X
A43: REGLESSW-ST-7-009(0) | B43: Use of interrupt nesting shall be justified. | J43: TIANMA:Hardware priority configuration only allows for two levels. The high-priority interrupt group (Critical) can preempt the low-priority group (Background), but interrupts at the same level do not nest within each other. | P43: - | Q43: SW Design Rules and technical REX | R43: X
A44: Specific to "Extra cores (HSM, Low consumption, …)"
A45: REGLESSW-ST-7-010(0) | B45: In case of crossed interrupts triggering (one extra core triggering interrupts on the main and vice and versa), the supplier shall ensure that the interrupts configurations (HW configuration) is done exclusively by the one side, the main or the extra core, and preferably the main. | C45: FC | J45: TIANMA: The interrupts configurations are setted by the main core.
A46: MICROCONTROLLER/MICROPROCESSOR MANAGEMENT
A47: REGLESSW-ST-8-001(4) | B47: If microcontroller has an auto test, this mode shall be used | C47: NA | J47: TIANMA: No auto test modue in this chip | P47: - | Q47: SW Design Rules and technical REX
A48: REGLESSW-ST-8-002(3) | B48: Configuration registers, including port configuration registers, shall be checked periodically or reprogramed periodically. In case of error detected, supplier shall propose a safe mode (reset or register reconfiguration for example). | C48: LC | J48: TIANMA: Current strategy is after writing port, will read the register if notequal, will try to write three times, if still don't work, reset the MCU. | P48: - | Q48: SW Design Rules and technical REX | R48: X
A49: REGLESSW-ST-8-003(3) | B49: Definition of CPU modes (Sleep, run, standby, ...) and transition (IT mask, Watchdog, ...) shall be provided. In particular, supplier shall justify the link between theses modes and supply/life phase requirements from STLA | C49: NA | J49: TIANMA: In CPU level, No Wake/sleep mode In display system level, wakeup and sleep mode exist | P49: - | Q49: SW Design Rules and technical REX | R49: X
A50: REGLESSW-ST-8-004(0) | B50: Outputs shall be refreshed periodically with a justification of the periodicity. | C50: FC | J50: TIANMA: The outputs of DIO will refresh periodically, ensuring that the outputs are valid. | P50: - | Q50: SW Design Rules and technical REX | R50: X
A51: REGLESSW-ST-8-005(0) | B51: Inputs shall be read periodically with a justification of the periodicity. | C51: FC | J51: TIANMA: ADC/DIO will be implemented, and ADC will be read periodically for NTC, voltage, and etc. | P51: - | Q51: SW Design Rules and technical REX | R51: X
A52: REGLESSW-ST-8-006(0) | B52: All communications between microcontroller and external components like ASIC or another microcontroller shall be described. In particular, a specific behavior shall be described in case of loss of communication. | C52: FC | J52: TIANMA: Reference Functional Safety Strategy | P52: - | Q52: SW Design Rules and technical REX | R52: X
A53: REGLESSW-ST-8-009(0) | B53: Low level software depending on microcontroller (or MCAL) shall be developed in strict accordance with the specifications and guidelines provided by the microcontroller manufacturer. These guidelines typically include, but are not limited to: User Manuals Reference Manuals Application Notes Errata Sheets Hardware Design Guidelines | C53: FC | J53: TIANMA:ok
A54: REGLESSW-ST-8-007(2) | B54: Low level software depending on microcontroller (or MCAL) shall be reviewed and approved by microcontroller manufacturer. | C54: FC | J54: TIANMA: MCAL is provide by INFINEON | P54: - | Q54: SW Design Rules and technical REX | R54: X
A55: REGLESSW-ST-8-010(0) | B55: If new errata are reported by the microcontroller manufacturer, they shall be promptly analyzed and addressed. Stellantis shall be informed of any required actions to ensure continued compliance and system integrity. | C55: FC | J55: TIANMA:ok
A56: Specific to "Multiple micros (MCU, MPU, …)"
A57: REGLESSW-ST-8-008(0) | B57: In case of communication between several micros inside an ECU, it shall be designed a solution able to detect any kind of desynchronization between both. | C57: NA | J57: TIANMA: Signle MCU not applicable
A58: STACK MANAGEMENT
A59: REGLESSW-ST-9-001(3) | B59: In case of fixed stack size, computation of maximum usage of the stack shall be performed and results shall be provided to STLA. Supplier shall also provide computation method to STLA. | C59: FC | J59: TIANMA: The stack usage rate is calculated during software integration testing.It can provide in software release note. | P59: - | Q59: SW Architecture and SW Safety Analysis
A60: REGLESSW-ST-9-002(4) | B60: In case of fixed stack size, checking on real case of stack usage is required (simulation with representative network load and interrupt usage). | C60: FC | J60: TIANMA: It will calculate the stack usage rate in high-load scenarios. | P60: - | Q60: SW Architecture and SW Safety Analysis | R60: X
A61: REGLESSW-ST-9-003(1) | B61: In case of fixed stack size, stack overflow detection mechanism is required, with a forced reset in case of detection. | C61: FC | J61: TIANMA: It is achievable.Mcu can detect stack overflow, and then watchdog shall reset MCU. | P61: - | Q61: SW Architecture and SW Safety Analysis | R61: X
A62: MONITORING - RECOVERY STRATEGY
A63: REGLESSW-ST-10-001(0) | B63: A Watchdog mechanism (hardware and/or software) is required. | C63: FC | J63: TIANMA: Use the internal watchdog of the MCU. | P63: - | Q63: SW Architecture and SW Safety Analysis | R63: X
A64: REGLESSW-ST-10-002(1) | B64: Watchdog mechanism shall be described (simple, windowed. Period and localization into the code of the WD counter update). The description shall be available to STLA | C64: FC | J64: TIANMA: Windows watchdog will be implemented.The watchdog will be used and feed in every x milliseconds, when its window openperiod is set to x milliseconds and its window close period is set to 2x milliseconds. when x milliseconds open windows will has a Early Warning Interrupt ,In this interrupt haddle will check WDM's results,if OK feed watchdog,if not OK dont feed watchdog ( WDM willrecord not OK 's reasons) , MCU will Reset when window close. | P64: - | Q64: SW Architecture and SW Safety Analysis | R64: X
A65: REGLESSW-ST-10-003(0) | B65: Supplier shall never refresh watchdog in a loop without using a time-out. | C65: FC | J65: TIANMA: The rule is followed ,Everytime feed watchdog operation needs to be judged by the WDM that there is no problem,if WDM not operation or WDM find there had problem MCU will not feed watchdog and MCU will reset. | P65: - | Q65: SW Architecture and SW Safety Analysis | R65: X
A66: REGLESSW-ST-10-004(1) | B66: The complete monitoring/recovery strategy shall be defined and detailed to minimize the system/customer impact in case of failure and then needed recovery. In particular, in case a reset counter exists to switch to limphome mode, the strategy to increase but also reinitialize the counter shall be detailed by the supplier and approved by STLA - avoid for example to reinitialize the reset counter only on power on for ECU which is connected to the battery. | C66: FC | J66: TIANMA: WatchDog will provide the strategy, the recovery strategy will be define in SW SAS and watchdog SDD.
A67: REGLESSW-ST-10-005(0) | B67: The recovery strategy shall foresee all the possible levels of detection and recovery: Application, Container, Full OS/VM, complete SOC, complete ECU. | C67: FC | J67: TIANMA: WatchDog will provide the strategy, the recovery strategy will be define in SW SAS and watchdog SDD.
A68: REGLESSW-ST-10-007(0) | B68: If persistent RAM is used for recovery (RAM not initialized on hot reset), at least one level of recovery shall consider to not rely on it anymore. | C68: NA | J68: TIANMA: Not used persistent RAM.
A69: REGLESSW-ST-10-008(0) | B69: Supplier shall highlight how the monitoring and recovery strategy will apply even if an issue happens soon during startup or close to end of shutdown. In case of blind spots, they must be highlighted. | C69: FC | J69: TIANMA: WatchDog will provide the strategy, the recovery strategy will be define in SW SAS and watchdog SDD.
A70: Specific to "Multiple micros (MCU, MPU, …)"
A71: REGLESSW-ST-10-006(0) | B71: In case of an ECU with multiple micros, the recovery strategy should define recovery levels involving all of them. It is a good practice to use the most reliable micros to monitor the others. | C71: NA | J71: TIANMA: Signle MCU not applicable.
A72: DYNAMICS - SCHEDULING
A73: REGLESSW-ST-11-003(1) | B73: Conception shall assure that no deadlock will occur. | C73: FC | P73: - | Q73: SW Design Rules and technical REX | R73: X
A74: REGLESSW-ST-11-004(2) | B74: Deadlock detection mechanism is required. In case of dead lock detection, the system shall stay in a safe state. A reset can be a solution. | C74: FC | J74: TIANMA: Wdgm wil detect task and Irq, if deadlock detected, will reset. | P74: - | Q74: SW Design Rules and technical REX | R74: X
A75: REGLESSW-ST-11-006(0) | B75: All shared variables (between pre-emptive tasks, between tasks and interrupts or between interrupts in case of nesting of interrupts) shall be listed and secured if necessary. | C75: FC | J75: TIANMA:The shared vaiables is used for two module data switch, use critical section to protect the data | P75: - | Q75: SW Design Rules and technical REX | R75: X
A76: REGLESSW-ST-11-007(0) | B76: In case of use of pre-emptive operating system, a mechanism shall be put in place to avoid priority inversion like Priority Inheritance Protocol (PIP) or Priority Ceiling Protocol (PCP). | C76: FC | J76: TIANMA: Flexible Safety RTOS supports PCP. | P76: - | Q76: SW Design Rules and technical REX | R76: X
A77: REGLESSW-ST-11-008(1) | B77: All parts of code executed or influenced from different contexts asynchronously in parallel with different priorities (from tasks or interrupts or both) shall be protected from data inconsistencies or shall be reentrant/Threadsafe | C77: FC | J77: TIANMA: code review | P77: - | Q77: SW Design Rules and technical REX | R77: X
A78: REGLESSW-ST-11-009(0) | B78: All functions managing static variables and/or global variable(s) have to be assessed on their reentrant/Thread safe capability. Their code header and design documentation shall highlight that characteristic. Note that all the state machines are at least managing their own state like that and are concerned by this requirement. | C78: FC | J78: TIANMA: The state machines and static variables and/or global variable(s) management will be descripted in SDD.
A79: REGLESSW-ST-11-010(0) | B79: The race condition protections shall be used in a way limiting as much as possible the impact on the global scheduling (smallest scope). | C79: FC | J79: TIANMA: Conduct a code review focusing on the usage of critical sections.
A80: REGLESSW-ST-11-011(0) | B80: The disable/enable interrupts shall be done in the same code bloc and called in the same conditions (no different conditions for disable and enable calls). | C80: FC
A81: REGLESSW-ST-11-012(0) | B81: The dynamic/timing constraints shall be detailed and demonstration shall be done that the defined scheduling will allow to fulfill them in any circumstances. If there are exceptions they shall be justified. | C81: FC | J81: TIANMA: The constraints will be define in SAS.
A82: REGLESSW-ST-11-013(0) | B82: The acceptable jitter shall be assessed and expressed for each processing entity (runnable on Autosar Classic) and its compatibility with the scheduling strategy defined shall be checked. | C82: LC | J82: TIANMA: AUTOSAR CP Not used in this project. But currently, Tianma has a similar strategy to ensure it. The strategy is as follows: Our software monitors if a task in the operating system has timed out,the timeout range for each task will be defined in the SAS.
A83: REGLESSW-ST-11-014(0) | B83: For any event triggered processing with potential high frequency (>10Hz) it shall be checked if the expected reaction time and the corresponding CPU load allow it to be designed with a periodic polling (more predictive scheduling). | C83: FC | J83: TIANMA: Limit the interrupt trigger excute time.
A84: REGLESSW-ST-11-024(0) | B84: The use of nominal timing task activation as time base for elapsed time measurements shall be clearly justified if used. | C84: FC
A85: REGLESSW-ST-11-025(0) | B85: The use of time base referred to the period of messages coming from other ECUs is forbidden. | C85: FC | J85: TIANMA: We use the MCU's SysTick timer as the time base.
A86: Specific to "Autosar Classic - Operating System like OSEK - Scheduler and below"
A87: REGLESSW-ST-11-005(1) | B87: The system should not dynamically allocate operating system elements: tasks, events, queues,… | C87: FC | J87: TIANMA: Not support to dynamically allocate operating system elements. | P87: - | Q87: SW Design Rules and technical REX | R87: X
A88: REGLESSW-ST-11-015(0) | B88: The synchronous mapped client/server calls shall be highlighted and the tasks chains created shall be checked like acceptable from a scheduling point of view. | C88: NA | J88: TIANMA:AUTOSAR CP not used in project
A89: REGLESSW-ST-11-016(0) | B89: Chained runnables in the same function scope (call sequence to be respected) with the same scheduling expectations (same period or same events triggering them) shall be challenged and possibly merged. | C89: NA | J89: TIANMA:AUTOSAR CP not used in project
A90: REGLESSW-ST-11-022(0) | B90: If runnable inputs stability during its execution is needed, the RTE implicit mode shall be privileged. | C90: NA | J90: TIANMA:AUTOSAR CP not used in project
A91: REGLESSW-ST-11-023(0) | B91: If inputs stability is needed across several runnables then the existence of such runnables structure has to be challenged. | C91: NA | J91: TIANMA:AUTOSAR CP not used in project
A92: REGLESSW-ST-11-026(0) | B92: The exchange of data among tasks shall be handled by a mechanism that will preserve data coherency according to application needs. The selected mechanism shall be clearly documented. | C92: NA | J92: TIANMA:AUTOSAR CP not used in project
A93: Specific to "POSIX (Autosar Adaptive, QNX, Linux, Android, …)"
A94: REGLESSW-ST-11-017(0) | B94: Any mix in scheduling strategies like it is possible in environments like Linux shall be justified and in particular it shall be justified that the weakly scheduled tasks will have the necessary CPU to fulfill their expectations. | C94: NA | J94: TIANMA: Display is used MCU, no AUTSAR AP and SOC.
A95: REGLESSW-ST-11-020(0) | B95: The supplier shall check that all shared mutex variables are declared in a way to be shared by the different processes/threads expected to use them. | C95: NA | J95: TIANMA: Display is used MCU, no AUTSAR AP and SOC.
A96: REGLESSW-ST-11-021(0) | B96: The supplier shall use mutex mechanism provided by the language (C++) than by the OS itself (better portability). | C96: NA | J96: TIANMA: Display does not use C++.
A97: Specific to "Multiple OS/Virtualization"
A98: REGLESSW-ST-11-018(0) | B98: The CPU (physical cores) virtualization and allocation strategy shall be detailed and justified. | C98: NA | J98: TIANMA: Display is used MCU, no virtualization
A99: REGLESSW-ST-11-019(0) | B99: In case of integration of VMs with different criticities (safety related, …) the supplier shall justify how the configuration of the virtualization mechanism and/or of the HW ensures that an error on a low criticity VM does not cause a starvation for the high criticity ones. | C99: NA | J99: Display is used MCU, no virtualization
A100: ECU PHASES
...

Sheet ISO 26262-2018 Checklist
A1: DMOV
A2: Number | B2: Question | C2: Supplier Answer (please explain in column "Answer") | K2: STLA review status
C3: Conformity Level | D3: Implementation / application status | E3: Implementation delivery (planned) | F3: Implementation delivery (real) | G3: Verification & Validation status | H3: Verification & Validation delivery (planned) | I3: Verification & Validation delivery (real) | J3: Justification/Answer | K3: Conformity Level | L3: Implementation Level | M3: Verification & Validation Level | N3: Comments | O3: Documents or Meeting Minutes References | P3: Action Plan | Q3: Topic Classification | R3: Key Pt
A4: General topics for the product development at the software level | AA4: Action Plan :
A5: ISO26262-6.5_00(0) | B5: What is the highest ASIL for the ECU and what is the highest ASIL for the software? | C5: FC | E5: B3 | H5: B3 | J5: the highest ASIL for ECU and software is ASIL B | L5: NA | M5: NA | P5: - | Q5: General Topics | V5: NA | W5: Not Applicable | X5: =COUNTIF(C$6:C$177,"NA") -> 5 | AA5: -
A6: ISO26262-6.5_10(0) | B6: Are software safety activities described? Especially, are all chapters of the Part 6 concerned by this description and are supplier deliverables mentioned? ISO 26262-6:2018 - 5.2 | C6: FC | E6: B3 | H6: B3 | J6: the safety activities described in safety plan | P6: - | Q6: Planification of SW Safety activities | V6: NC | W6: Non Compliant | X6: =COUNTIF(C$6:C$177,"NC") -> 0 | AA6: ongoing
A7: ISO26262-6.5_20(0) | B7: Are software safety activities scheduled? ISO 26262-6:2018 - 5.4.1 | C7: FC | E7: B3 | H7: B3 | J7: the safety activities cheduled in timeline | P7: - | Q7: Planification of SW Safety activities | V7: PC | W7: Partly compliant | X7: =COUNTIF(C$6:C$177,"PC") -> 0 | AA7: closed
A8: ISO26262-6.5_30(0) | B8: What is the modelling language if any and what is the coding language? ISO 26262-6:2018 - 5.4.2 | C8: NA | J8: Coding language: C, modelling language is UML in software architecture design and detail design. | L8: NA | M8: NA | P8: - | Q8: General Topics | V8: LC | W8: Largely compliant | X8: =COUNTIF(C$6:C$177,"LC") -> 0
A9: ISO26262-6.5_40(0) | B9: What are the topics that are fulfilled in Table 1 and how are they fulfilled? ISO 26262-6:2018 - 5.4.3 | C9: FC | E9: B3 | H9: B3 | J9: The software meets the rules required by ASIL B 1a Enforcement of low complexity 1b Use of language subsets 1c Enforcement of strong typing+ 1f Use of unambiguous graphical representation 1g Use of style guides 1h Use of naming conventions | P9: - | Q9: SW Unit Design and Verification (incl. static analyses) | R9: X | V9: FC | W9: Fully compliant | X9: =COUNTIF(C$6:C$177,"OK") -> 0
A10: ISO26262-6.5_60(0) | B10: Are coding guidelines described and applied? ISO 26262-6:2018 - 5.4.3 | C10: FC | E10: B3 | H10: B3 | J10: yes, TIANMA has code guidelines document. | N10: Note: it should be aligned with answer to REGLESSW-ST-14-001(2) and REGLESSW-ST-14-002(2) in sheet "Answer to STLA SW Dev. Rules" | P10: - | Q10: SW Unit Design and Verification (incl. static analyses)
A11: ISO26262-6.5_70(0) | B11: Are tooling guidelines described and applied? ISO 26262-6:2018 - 5.4.3 | C11: FC | E11: B3 | H11: B3 | J11: Yes, tool guideline is avalible in system | P11: - | Q11: Confidence in tools
A12: Specification of software safety requirements | V12: OK | W12: OK | X12: =COUNTIF(L$2:L$177,"OK") -> 0
A13: ISO26262-6.6_10(0) | B13: Are safety related functions identified? ISO 26262-6:2018 - 6.4.1 | C13: FC | E13: B3 | H13: B3 | J13: Safety related function will be presented in TSR/SSR allocated to Software. | P13: - | Q13: Software Safety requirements and traceability | V13: NA | W13: Not Applicable | X13: =COUNTIF(L$2:L$177,"NA") -> 7
A14: ISO26262-6.6_20(0) | B14: Are software safety requirements clear and complete? ISO 26262-6:2018 - 6.4.2 | C14: FC | E14: B3 | H14: B3 | J14: Safety related function will be presented in TSR/SSR allocated to Software. | P14: - | Q14: Software Safety requirements and traceability | V14: TBA | W14: To Be Assessed | X14: =COUNTIF(L$2:L$177,"TBA") -> 0
A15: ISO26262-6.6_30(0) | B15: Is ASIL for software justified? Are different ASILs managed? ISO 26262-6:2018 - 6.4.3 | C15: FC | E15: B3 | H15: B3 | J15: ASILB requirments will be defined in TSR, QM requirements will be defined in system requirements | P15: - | Q15: Software Safety requirements and traceability | V15: NOK | W15: NOK | X15: =COUNTIF(L$2:L$177,"NOK") -> 0
A16: ISO26262-6.6_40(0) | B16: Does Hardware Software Interface document exist and is complete? ISO 26262-6:2018 - 6.4.4 | C16: FC | E16: B3 | H16: B3 | J16: Hardware Software Interface will be presented in HSIS allocated to Software. | P16: - | Q16: Software Safety requirements and traceability
A17: ISO26262-6.6_50(0) | B17: Are software safety requirement reviewed? ISO 26262-6:2018 - 6.4.7 | C17: FC | E17: B3 | H17: B3 | J17: Review activities will be planned in software timeline. | P17: - | Q17: Software Safety requirements and traceability | R17: X
A18: SW architectural design
A19: ISO26262-6.7_10(0) | B19: What is the notation to describe software architecture? ISO 26262-6:2018 - 7.4.1 | C19: FC | E19: B2 | H19: B2 | J19: TianMa product will follow: 1a Natural language 1b Informal natations | L19: NA | M19: NA | P19: - | Q19: SW Architecture and SW Safety Analysis
A20: ISO26262-6.7_20(0) | B20: Is software architecture justified to guarantee verifiability, suitability, feasibility, testability and maintainability? ISO 26262-6:2018 - 7.4.2 | C20: FC | E20: B3 | H20: B3 | J20: Architecture will be done Justification table is existing. | P20: - | Q20: SW Architecture and SW Safety Analysis
A21: ISO26262-6.7_30(0) | B21: What are the principles for software architectural design that are fulfilled in Table 3 and how are they fulfilled? ISO 26262-6:2018 - 7.4.3 | C21: FC | E21: B3 | H21: B3 | J21: TianMa product will follow: 1a Appropriate hierarchical structure of the software components 1b Restricted size and complexity of software components 1d Strong cohesion within each software component 1e Loose coupling between software components 1f Appropriate scheduling properties 1i Appropriate management of shared resources | P21: - | Q21: SW Architecture and SW Safety Analysis | V21: OK | W21: OK | X21: =COUNTIF(L$2:L$177,"OK") -> 0
A22: ISO26262-6.7_50(0) | B22: Is architecture described (static design aspect of the software architectural elements and dynamic design aspect of the software architectural elements)? ISO 26262-6:2018 - 7.4.5 | C22: FC | E22: B3 | H22: B3 | J22: both of them will be presented in software architecture design. | P22: - | Q22: SW Architecture and SW Safety Analysis | V22: NOK | W22: NOK | X22: =COUNTIF(L$2:L$177,"NOK") -> 0
A23: ISO26262-6.7_60(1) | B23: Is software partitioning used? If yes, does a SW partition contain only components with the same ASIL? Otherwise, how do you guarantee the Freedom From Interference of the lower ASILs components to the highest one? - For example if you have a partition with ASIL QM and ASIL B components or ASIL A and ASIL B components - Please share a table with the exhaustive list of components with their ASIL and partition allocation. ISO 26262-6:2018 - 7.4.9 | C23: FC | E23: B3 | H23: B3 | J23: SW ASIL B partition contain touch and telltale, the other areas are QM. | P23: - | Q23: SW Architecture and SW Safety Analysis | V23: NA | W23: Not Applicable | X23: =COUNTIF(L$2:L$177,"NA") -> 7
A24: ISO26262-6.7_70(0) | B24: What are the safety analyses applied at the architectural level? Describe the methodologies and the link with the architecture justification and safety mechanisms. ISO 26262-6:2018 - 7.4.10 | C24: FC | E24: B3 | H24: B3 | J24: SW FMEA and DFA will be done. Even, according to the preferable ASIL B, some key elementary and interface will be analyzed via SW FMEA to see if any risk can be identified and migrated. | P24: - | Q24: SW Architecture and SW Safety Analysis | R24: X
A25: ISO26262-6.7_80(0) | B25: How freedom from interference or sufficient independence between software components is managed? Which failures do you consider and what are the related safety mechanisms? ISO 26262-6:2018 - 7.4.11 | C25: FC | E25: B3 | H25: B3 | J25: software components are managed with clear interface defition, and strategy to exchange data, the shared data ensurance and data integrity will be checked. our wdgM will monitor Task and interrupt excute Time and times when ,monitored some error and the error had not recovery in some time wdgM will reset MCU | P25: - | Q25: SW Architecture and SW Safety Analysis | R25: X
A26: ISO26262-6.7_90(0) | B26: What are the mechanisms implemented for error detections at software architecture level? 1. Range checks of input and output data 2. Plausibility check 3. Detection of data errors 4. Monitoring of program execution by external element such as an ASIC or another software element performing a watchdog function 5. Temporal monitoring of program execution 6. Diverse redundancy in the software design 7. Access violation control mechanisms implemented in software or hardware 8. Others to be detailed ISO 26262-6:2018 - 7.4.12 | C26: FC | E26: B3 | H26: B3 | J26: The software will follow these: 1. Range checks of input and output data 2. Plausibility check 3. Detection of data errors 5. Temporal monitoring of program execution 4. the software will monitor the program execution by internal watchdog. 6. the software will detect error periodically and excute the safe action 7. Access violation control mechanisms implemented in software or hardware | P26: - | Q26: SW Architecture and SW Safety Analysis | R26: X
A27: ISO26262-6.7_100(0) | B27: What are the safety mechanisms for handling error at software architecture level? 1. Deactivation in order to achieving and maintaining of a safe state 2. Static recovery mechanism 3. Graceful degradation 4. Homogenous redundancy in the design 5. Diverse redundancy in the design 6. Correcting codes for data 7. Access permission management implemented in software or hardware 8. Others to be detailed ISO 26262-6:2018 - 7.4.12 | C27: FC | E27: B3 | H27: B3 | J27: The software will follow these: 1. Deactivation in order to achieving and maintaining of a safe state 2. Static recovery mechanism 3. Graceful degradation 6. Correcting codes for data 4.5. the software will detect error periodically and excute the safe action (No need redundancy in this project) 7. Software partition management realizes the management of access rights. | P27: - | Q27: SW Architecture and SW Safety Analysis | R27: X
A28: ISO26262-6.7_110(0) | B28: Are resources estimated and which one? ISO 26262-6:2018 - 7.4.13 | C28: FC | E28: B2 | H28: B2 | J28: EEROM and RAM will be estimated in software design, CPU Loading utilization pencentage, estimation Information can be found in TDR. | P28: - | Q28: SW Architecture and SW Safety Analysis
A29: ISO26262-6.7_120(0) | B29: What are the principles for the verification of the software architectural design that are fulfilled in Table 4 and how are they fulfilled? ISO 26262-6:2018 - 7.4.14 | C29: FC | E29: B3 | H29: B3 | J29: TianMa product will follow: 1a Walk-through of the design 1b Inspection of the design 1c Simulation of dynamic behaviour of the design 1f Control flow analysis 1g Data flow analysis 1h Scheduling analysis | P29: - | Q29: SW Architecture and SW Safety Analysis
A30: Software unit design and implementation
A31: ISO26262-6.8_10(0) | B31: What is the notation to describe software unit design? ISO 26262-6:2018 - 8.4.3 | C31: FC | E31: B3 | H31: B3 | J31: TianMa product will follow: 1a Natural language 1b Informal natations (UML + data flow chart+words documents) | L31: NA | M31: NA | P31: - | Q31: SW Unit Design and Verification (incl. static analyses)
A32: ISO26262-6.8_20(0) | B32: What is the level of description in the specification of the software units? ISO 26262-6:2018 - 8.4.4 | C32: FC | E32: B3 | H32: B3 | J32: function behaviour and input output parameter get defined | P32: - | Q32: SW Unit Design and Verification (incl. static analyses)
A33: ISO26262-6.8_30(0) | B33: What are the design principles for software unit design and implementation in Table 6 that are fulfilled and how are they fulfilled? ISO 26262-6:2018 - 8.4.5 | C33: FC | E33: B3 | H33: B3 | J33: TianMa product will follow: 1a One entry and one exit point in subprograms and functions 1b No dynamic objects or variables, or else online test during their creation 1c Initialization of variables 1d No multiple use of variable names 1f Restricted use of pointers 1g No implicit type conversions 1h No hidden data flow or control flow 1i No unconditional jumps | P33: - | Q33: SW Unit Design and Verification (incl. static analyses)
A34: Software unit verification
A35: ISO26262-6.9_10(0) | B35: What are the methods for software unit verification in Table 7 that are fulfilled and how are they fulfilled? ISO 26262-6:2018 - 9.4.2 | C35: FC | E35: B3 | H35: B3 | J35: TianMa product will follow: 1c Inspection 1h Static code analysis 1j Requirements-based test 1k Interface test | N35: Note: it should be aligned with answer to REGLESSW-ST-14-002(2) in sheet "Answer to STLA SW Dev. Rules" | P35: - | Q35: SW Unit Design and Verification (incl. static analyses) (1a to 1i) SW Unit test (1j to 1n) | R35: X
A36: ISO26262-6.9_30(0) | B36: What are the methods for deriving test cases for software unit testing (Table 8)? ISO 26262-6:2018 - 9.4.3 | C36: FC | E36: B3 | H36: B3 | J36: TianMa product will follow: 1a Analysis of requirements 1b Generation and analysis of equivalence classes 1c Analysis of boundary values | P36: - | Q36: SW Unit test
A37: ISO26262-6.9_40(0) | B37: What is the structural coverage target (Table 9)? ISO 26262-6:2018 - 9.4.4 | C37: FC | E37: B3 | H37: B3 | J37: TianMa product will follow: 1a Statement coverage 1b Branch coverage | P37: - | Q37: SW Unit test | R37: X
A38: ISO26262-6.9_50(0) | B38: What is the test environment for software unit testing? ISO 26262-6:2018 - 9.4.5 | C38: FC | E38: B3 | H38: B3 | J38: VectorCAST will be used | L38: NA | M38: NA | P38: - | Q38: SW Unit test
A39: Software integration and verification
A40: ISO26262-6.10_10(0) | B40: What is the strategy applied for software integration? ISO 26262-6:2018 - 10.4.1 | C40: FC | E40: B2 | H40: B2 | J40: Software integration stategy will be defined in SW integration test plan. bottom-up intergration stragegy and HW-SW intergtation | P40: - | Q40: SW Integration tests
A41: ISO26262-6.10_20(0) | B41: What are the methods for verification of software integration in Table 10 that are fulfilled and how are they fulfilled? ISO 26262-6:2018 - 10.4.2 | C41: FC | E41: B3 | H41: B3 | J41: TianMa product will follow: 1a Requirements-based test 1b Interface test 1d Resource usage evaluation 1g Static code analysis | P41: - | Q41: SW Unit Design and Verification (incl. static analyses) (1f to 1h) SW Integration tests (1a to 1e) | R41: X
A42: ISO26262-6.10_40(0) | B42: What are the methods for deriving test cases for software integration testing (Table 11)? ISO 26262-6:2018 - 10.4.3 | C42: FC | E42: B3 | H42: B3 | J42: TianMa product will follow: 1a Analysis of requirements 1b Generation and analysis of equivalence classes 1c Analysis of boundary values | P42: - | Q42: SW Integration tests | R42: X
A43: ISO26262-6.10_50(0) | B43: What is the structural coverage target at software architecture level? ISO 26262-6:2018 - 10.4.4 / 10.4.5 | C43: NA | J43: ASIL B project no need to follow this table | P43: - | Q43: SW Integration tests | R43: X
A44: ISO26262-6.10_60(0) | B44: What is the test environment for software integration testing? ISO 26262-6:2018 - 10.4.7 | C44: FC | E44: B3 | H44: B3 | J44: VectorCAST will be used | L44: NA | M44: NA | P44: - | Q44: SW Integration tests
A45: Testing of the embedded software
A46: ISO26262-6.11_10(0) | B46: What is the test environment for conducting the software testing (Table 13)? ISO 26262-6:2018 - 11.4.1 | C46: FC | E46: B3 | H46: B3 | J46: TianMa product will follow: 1a Hardware-in-the-loop is fulfilled 1b Electronic control unit network environments is not fulfilled use our bridge board and HUT as test tools | L46: NA | M46: NA | P46: - | Q46: Testing of the embedded software
A47: ISO26262-6.11_20(0) | B47: What are the methods for tests of the embedded software (Table 14)? ISO 26262-6:2018 - 11.4.2 | C47: FC | E47: B3 | H47: B3 | J47: TianMa product will follow: 1a Requirements-based test 1b Fault injecting test | P47: - | Q47: Testing of the embedded software | R47: X
A48: ISO26262-6.11_30(1) | B48: What are the methods for deriving test cases for the test of the embedded software in Table 15 that are fulfilled and how are they fulfilled? ISO 26262-6:2018 - 11.4.3 | C48: FC | E48: B3 | H48: B3 | J48: TianMa product will follow: 1a Analysis of requirements 1b Generation and analysis of equivalence classes 1c Analysis of boundary values 1f Analysis of operational use cases | P48: - | Q48: Testing of the embedded software
A49: ISO26262-6.11_50(0) | B49: Are all software safety requirement validated and tested OK? ISO 26262-6:2018 - 11.4.4 | C49: FC | E49: B3 | H49: B3 | J49: Software qualification report based on software functional safety requirements will be done and all requirements will be covered | P49: - | Q49: Testing of the embedded software | R49: X
A50: Annex - C
A51: ISO26262-6.C_10(0) | B51: What is the strategy to manage configuration data? ISO 26262-6:2018 - Annex C.- 4.1 à 4.5 | C51: FC | E51: B2 | H51: B2 | J51: "data backup and recovery in EEPROM EEPROM data has CRC16 Verification mechanism , when crc error ,the eeprom data will be restored to the default value in the rom" | P51: - | Q51: Configuration and calibration data management
A52: ISO26262-6.C_20(0) | B52: What is the strategy to manage calibration data? ISO 26262-6:2018 - Annex C.- 4.6 à 4.11 | C52: NA | J52: Intensity and brightness etc calibration will be done in the EOL test in Tianma plant, no separate calibration software package. | P52: - | Q52: Configuration and calibration data management
A53: Part 8 - Confidence in the use of software tools
A54: ISO26262-8.11_10(0) | B54: What is the process to qualify tools? ISO 26262-8:2018 - Clause 11 | C54: FC | E54: B2 | H54: B2 | J54: SW tool qualification report will be provided. | P54: - | Q54: Confidence in tools
A55: ISO26262-8.11_20(0) | B55: What are the qualified tools or planned to be qualified in this project? ISO 26262-8:2018 - Clause 11 | C55: FC | E55: B2 | H55: B2 | J55: These tools (IAR\QAC\VectorCast\git) are qualified. | P55: - | Q55: Confidence in tools
A56: Part 8 - Qualification of software components
A57: ISO26262-8.12_10(0) | B57: What is the process to qualify software components? ISO 26262-8:2018 - Clause 12 | C57: NA | J57: New development project, not applicable | P57: - | Q57: SW Components qualification
A58: ISO26262-8.12_20(0) | B58: What are the qualified software components or planned to be qualified in this project? ISO 26262-8:2018 - Clause 12 | C58: NA | J58: New development project, not applicable | P58: - | Q58: SW Components qualification
A59: To add a new question, insert new line above, to not suppress line.

Sheet WP Mapping
A1: DMOV
A2: Number | B2: ISO26262 SW Work products | C2: Supplier
C3: Corresponding document names | D3: Comments
B4: DIA
B5: Put here the DIA reference | C5: 02016_13_02411_Template_DIA_ISO26262_V6.2-0_Supplier
A6: 6-5 | B6: Initiation of product development at the software level
A7: 6-5.5.1 | B7: Documentation of the software development environment | C7: PDTM-G-WI13015 attachment 2 SW_SDP.docx | D7: Note that safety plan and verification plan are still mandatory. In the 2018 revision it was concentrated on part 2, requirement 6.4.6.5.So, please document the line below regarding planning of all safety related activities for the software development.
A8: 2-6.5.3 | B8: Safety plan | C8: PDTM-G-WI13019 attachment 2 Safety Plan.docx
A9: 6-6 | B9: Specification of software safety requirements
A10: 6-6.5.1 | B10: Software safety requirements specification | C10: PPDTM-G-WI13015 attachment 3 SW_SRS.docx
A11: 6-6.5.2 | B11: Hardware-software interface (HSI) specification (refined) | C11: PDTM-G-FM1301602 EE_HSIS.xlsx
A12: 6-6.5.3 | B12: Software verification report | C12: PDTM-G-FM1301501 SW_SRS_Review_Checklist.xlsx
A13: 6-7 | B13: Software architectural design
A14: 6-7.5.1 | B14: Software architectural design specification | C14: PDTM-G-WI13015 attachment 4 SW_SAS.docx
A15: 6-7.5.2 | B15: Safety analysis report | C15: PDTM-G-FM1301516 SW_DFMEA.xlsx
A16: 6-7.5.3 | B16: Dependent failures analysis report | C16: PDTM-G-FM1301517 Software Dependent Failure Analysis.xlsx
A17: 6-7.5.4 | B17: Software verification report | C17: PDTM-G-FM1301502 SW_SAS_Review_Checklist.xlsx
A18: 6-8 | B18: Software unit design and implementation
A19: 6-8.5.1 | B19: Software unit design specification | C19: PDTM-G-WI13015 attachment 5 SW_SDD.docx
A20: 6-8.5.2 | B20: Software unit implementation | C20: SW_Source Code
A21: 6-9 | B21: Software unit testing
A22: 6-9.5.1 | B22: Software verification specification | C22: PDTM-G-WI13015 attachment 6 SW_Unit Verification Plan.docx
A23: 6-9.5.2 | B23: Software verification report (refined) | C23: PDTM-G-FM1301509 SW_Unit Verification Report.xlsx
A24: 6-10 | B24: Software integration and testing
A25: 6-10.5.1 | B25: Software verification specification (refined) | C25: PDTM-G-WI13015 attachment 7 SW_Integration Test Plan.docx
A26: 6-10.5.2 | B26: Embedded software | C26: PDTM-G-FM1301512 SW_Integration Test Case.xlsx
A27: 6-10.5.3 | B27: Software verification report (refined) | C27: PDTM-G-FM1301514 SW_Integration Test Report.xlsx
A28: 6-11 | B28: Verification of software safety requirements
A29: 6-11.5.1 | B29: Software verification specification (refined) | C29: PDTM-G-WI13014 attachment 4 SW_Qualification Test Plan.docx
A30: 6-11.5.2 | B30: Software verification report (refined) | C30: PDTM-G-FM1301417 SW Qualification Test Report.xlsx
A31: 6-C | B31: Software configuration requirements
A32: 6-C.5.1 | B32: Configuration data specification | C32: PDTM-G-FM1301518 SW Configuration and Calibration data.xlsx
A33: 6-C.5.2 | B33: Calibration data specification
A34: 6-C.5.3 | B34: Configuration data
A35: 6-C.5.4 | B35: Calibration data
A36: 6-C.5.5 | B36: Verification specification (refined) | C36: PDTM-G-WI13014 attachment 4 SW_Qualification Test Plan.docx
A37: 6-C.5.6 | B37: Verification report (refined) | C37: PDTM-G-FM1301417 SW Qualification Test Report.xlsx
A38: 6-C.5.7 | B38: Software architectural design specification (refined) | C38: PDTM-G-WI13015 attachment 4 SW_SAS.docx
A39: 6-C.5.8 | B39: Documentation of the software development environment (refined) | C39: PDTM-G-WI13015 attachment 2 SW_SDP.docx
A40: 8-11 | B40: Confidence in the use of software tools
A41: 8-11.5.1 | B41: Software tool criteria evaluation report | C41: PDTM-G-FM1301907 SW Tools Qualification report.xlsx
A42: 8-11.5.2 | B42: Software tool qualification report
A43: 8-12 | B43: Qualification of software components (if applicable)
A44: 8-12.5.1 | B44: Software tool criteria evaluation report | C44: PDTM-G-WI13015 attachment 8 SW_Component_Qualification_Report.docx
A45: 8-12.5.2 | B45: Software component qualification report
A46: 8-12.5.3 | B46: Software component qualification verification report | C46: PDTM-G-FM1300085 AEBU General Review checklist template.xlsx
A47: To add a new question, insert new line above, to not suppress line.

Sheet Answer to security rules
A1: DMOV
A2: Requirement | B2: Description | C2: Supplier answer | K2: STLA review status
C3: Conformity Status | D3: Implementation Status | E3: Implementation delivery (planned) | F3: Implementation delivery (real) | G3: Verification & Validation Status | H3: Verification & Validation delivery (planned) | I3: Verification & Validation delivery (real) | J3: Justification/Answer | K3: Conformity Status | L3: Implementation Status | M3: Verification & Validation Status | N3: Remark | O3: Documents or Meeting Minutes References | P3: Action Plan
A4: 02016_17_06732_110(0) | B4: The microcontroller debug ports shall be disabled for serial electronic control unit before serial life (fused or secured). | C4: FC | P4: - | S4: NA | T4: Not Applicable | U4: =COUNTIF(C$4:C$29,"NA") -> 0 | X4: OK | Y4: =COUNTIF(K$4:K$29,"OK") -> 0 | AA4: OK | AB4: OK | AC4: =COUNTIF(K$4:K$134,"OK") -> 0 | AE4: Action Plan :
A5: 02016_17_06732_120(0) | B5: The diagnostic protocol supplier's session is allowed to do physical addressing but the entry in this session shall be secured by a state-of-the-art cryptographic mechanism. The cryptographic mechanism will have to be communicated to STLA via a detailed document for approval. | C5: FC | P5: - | S5: NC | T5: No compliant | U5: =COUNTIF(C$4:C$29,"NC") -> 0 | X5: NOK | Y5: =COUNTIF(K$4:K$29,"NOK") -> 0 | AA5: NOK | AB5: NOK | AC5: =COUNTIF(K$4:K$134,"NOK") -> 0 | AE5: -
A6: 02016_17_06732_130(0) | B6: The diagnostic protocol supplier's session is not allowed to upload software (from electronic control unit to a tool) on serial life. | C6: FC | P6: - | S6: PC | T6: Partly compliant | U6: =COUNTIF(C$4:C$29,"PC") -> 0 | X6: NA | Y6: =COUNTIF(K$4:K$29,"NA") -> 0 | AA6: TBA | AB6: To Be Assessed | AC6: =COUNTIF(K$4:K$134,"TBA") -> 0 | AE6: ongoing
A7: 02016_17_06732_140(0) | B7: Supplier's diagnosis requests shall be made known to STLA via a detailed document for approval. | C7: FC | P7: - | S7: LC | T7: Largely compliant | U7: =COUNTIF(C$4:C$29,"LC") -> 0 | AA7: NA | AB7: Not Applicable | AC7: =COUNTIF(K$4:K$134,"NA") -> 0 | AE7: closed
A8: 02016_17_06732_150(0) | B8: The writing rights of mechanisms for development electronic control unit protocols (XCP protocol for example) shall be irreversibly deleted before serial life. | C8: FC | P8: - | S8: FC | T8: Fully compliant | U8: =COUNTIF(C$4:C$29,"FC") -> 8
A9: 02016_17_06732_160(0) | B9: The reading rights of mechanisms for development electronic control unit protocols shall be irreversibly deleted on stack, Heap, Flash code before serial life. | C9: FC | P9: -
A10: 02016_17_06732_170(0) | B10: Functional message identifiers shall not be in STLA's calibration or supplier's calibration. They shall be hard coded. | C10: FC | P10: -
A11: 02016_17_06732_180(0) | B11: The configuration data (microcontroller, bootloader, application) shall not be located in external nonvolatile memory. If not, a fully list of these configuration data will have to be communicated to STLA via a detailed document for approval. | C11: FC | P11: -
A12: To add a new question, insert new line above, to not suppress line. | P12: -

Sheet Software Checklist
A1: DMOV
A2: Identifier | B2: Check | C2: Supplier answer | E2: STLA review status
C3: Response | D3: Justification / Comment | E3: Status | F3: Remark / Comment
A4: Block Diagram (SWE.2: BP1,BP6)
A5: DMOV_SW_Checklist_00010 | B5: High level block diagram for software architecture is available | C5: YES | D5: Refer software architecture design document
A6: DMOV_SW_Checklist_00020 | B6: Software Architecture Structure is shown clearly with all hierarchical levels and components of each level. | C6: YES | D6: Refer software architecture design document
A7: DMOV_SW_Checklist_00030 | B7: The diagram Identifies ECU class, ASIL/QM components, secure components, legacy components etc. | C7: YES | D7: Refer software architecture design document
A8: DMOV_SW_Checklist_00040 | B8: In-house/STLA developed Components are identified | C8: YES | D8: All modules are developed by Tianma.
A9: DMOV_SW_Checklist_00050 | B9: COTS are identified | C9: YES
A10: DMOV_SW_Checklist_00060 | B10: Re-used Components are identified with reused version and estimate of reuse rate. | C10: NOT APPLICABLE | D10: No code reuse
A11: DMOV_SW_Checklist_00070 | B11: New Components are Identified | C11: YES | D11: New components marked in architecture design.
A12: Components Interface Documents(SWE.2:BP3,BP4,BP6)
A13: DMOV_SW_Checklist_00200 | B13: Interface document of each component is available | C13: YES | D13: Refer software interface document
A14: DMOV_SW_Checklist_00210 | B14: I/O (sender/receiver) and API (client/server) list for each component is available in the Interface document | C14: YES | D14: Refer software interface document
A15: DMOV_SW_Checklist_00220 | B15: Data types are defined for the I/O (sender/receiver) list and for API (client/server) list | C15: YES | D15: Refer software interface document
A16: DMOV_SW_Checklist_00230 | B16: Ranges/resolutions are defined for the I/O (sender/receiver) values and and API (client/server) parameter values | C16: YES | D16: Refer software interface document
A17: DMOV_SW_Checklist_00240 | B17: Source of Input is identified. (e.g. Component name, EEPROM, Parameter etc.) | C17: YES | D17: Refer software interface document
A18: DMOV_SW_Checklist_00250 | B18: Category of Input is identified (e.g. A/D, Signal value from RAM, CAN value etc.) | C18: YES | D18: Refer software interface document
A19: DMOV_SW_Checklist_00260 | B19: Category of Output is identified e.g. EEPROM, RAM, CAN | C19: YES | D19: Refer software interface document
A20: DMOV_SW_Checklist_00270 | B20: Function (runnable) periodicity is defined and justified in the interface document | C20: YES | D20: Refer software architecture design document
A21: Components Arch and Traceability(SWE.2: BP2,BP6,BP7,BP8)
A22: DMOV_SW_Checklist_00400 | B22: Baselined software requirements are allocated to components, and architecture design is available for each component and baselined | C22: YES
A23: DMOV_SW_Checklist_00410 | B23: Bi-directional traceability is established between components and baselined Requirements | C23: YES
A24: DMOV_SW_Checklist_00420 | B24: Complexity of Components is restricted and all components are evaluated for indicators of high complexity e.g. excessive number of requirements allocated, excessive number of global variables, difficult to achieve test coverage etc. And decisions made to stay within the restricted complexity range for components. | C24: YES | D24: The unit detailed design document reflects the complexity of the function and ensure testability
A25: Memory Resources(SWE.2: BP5,BP6)
A26: DMOV_SW_Checklist_00600 | B26: High Level Memory Map (e.g. application, bootloader, calibration, manufacturing data) for the software blocks | C26: YES
A27: DMOV_SW_Checklist_00610 | B27: The RAM/ROM/EEPROM budget is allocated to each component including bootloader if any. | C27: YES | D27: Refer software architecture design document
A28: DMOV_SW_Checklist_00620 | B28: Resource usage is followed and is not beyond the defined limit by STLA. If limits are not specified in ECU's specification, refer to tables in DMOV_SW_Checklist_05200 or DMOV_SW_Checklist_05210. | C28: YES
A29: CPU Resources(SWE.2: BP5,BP6)
A30: DMOV_SW_Checklist_00800 | B30: The CPU budget is allocated to each component/function and interrupts | C30: YES | D30: Refer software architecture design document
A31: DMOV_SW_Checklist_00810 | B31: CPU load is followed and is not beyond the defined limit specified by STLA. If limits are not specified in ECU's specification, refer to tables in DMOV_SW_Checklist_05200 or DMOV_SW_Checklist_05210. | C31: YES
A32: OS/Scheduler(SWE.2: BP4,BP6)
A33: DMOV_SW_Checklist_01000 | B33: Details of the OS design chosen is documented and justified. (e.g. Scheduler, Pre-emptive/Non Pre-emptive OS) | C33: YES | D33: Fellow Flexible Safety RTOS guideline, architecture document show OS design.
A34: DMOV_SW_Checklist_01010 | B34: Details of Interrupts with the periodicity and priorities assigned are documented. | C34: YES | D34: Refer software architecture design document
A35: DMOV_SW_Checklist_01020 | B35: Strategies are considered for minimizing the interrupts and execution time. | C35: YES
A36: DMOV_SW_Checklist_01030 | B36: Details of tasks with the periodicity and priorities assigned is documented | C36: YES | D36: Refer software architecture design document
A37: DMOV_SW_Checklist_01035 | B37: Task multiple activation is documented and justified (ex : in AUTOSAR, value of OSTaskActivation parameter) | C37: NOT APPLICABLE | D37: Fsrtos does not support multiple activations of a task.
A38: DMOV_SW_Checklist_01040 | B38: Tick is documented and justified | C38: YES
A39: DMOV_SW_Checklist_01050 | B39: Deadlock management strategy is documented | C39: NOT APPLICABLE | D39: No use in this project. | F39: Note: it should be aligned with answer to REGLESSW-ST-11-004
A40: DMOV_SW_Checklist_01060 | B40: Execution overrun strategy is documented | C40: YES
A41: DMOV_SW_Checklist_01070 | B41: Stack Management Strategy is documented | C41: YES | F41: Note: it should be aligned with answer to REGLESSW-ST-9-001, REGLESSW-ST-9-002 and REGLESSW-ST-9-003
A42: DMOV_SW_Checklist_01080 | B42: Stack sizes are followed and are not beyond the defined limit specified by STLA. If limits are not specified in ECU's specification, refer to tables in DMOV_SW_Checklist_05200 or DMOV_SW_Checklist_05210. | C42: YES
A43: Watchdog/Signal Management(SWE.2: BP4)
A44: DMOV_SW_Checklist_01200 | B44: Internal/External Watchdog Strategy is defined and documented | C44: YES | D44: Refer software architecture design document | F44: Note: it should be aligned with answer to REGLESSW-ST-10-001, REGLESSW-ST-10-002 and REGLESSW-ST-10-003
A45: DMOV_SW_Checklist_01210 | B45: Error/Timeout/Invalid data handling strategies are defined and documented | C45: YES
A46: Network(SWE.2: BP4,BP6)
A47: DMOV_SW_Checklist_01400 | B47: Network and Number of CAN/LIN/Flexray/SPI channels and usage are identified and documented | C47: YES | D47: Can/LIN/Flexray not used in display ,SPI used in Dispaly internal.
A48: DMOV_SW_Checklist_01410 | B48: XCP usage is justified (e.g. for development time calibration, unavailability of features via UDS protocol) | C48: NOT APPLICABLE | D48: no XCP for 12.3
A49: DMOV_SW_Checklist_01420 | B49: XCP is disabled in production | C49: NOT APPLICABLE | D49: no XCP for 12.3 | F49: Note: it should be aligned with answer to 02016_17_06732_150 and 02016_17_06732_160
A50: Powerup/Down(SWE.2: BP4,BP6)
A51: DMOV_SW_Checklist_01600 | B51: Transitions phases are described in detail with a sequence diagram: - Power On Reset - Software reset - Before reset - ECU wake up - Before going to sleep or before shut down - Treatment in sleep mode - Treatements when downloading a new software | C51: YES | F51: Note: it should be aligned with answer to REGLESSW-ST-16-001
A52: DMOV_SW_Checklist_01610 | B52: Duration of each transition phase is measured and is not beyond the defined limits by STLA | C52: YES
A53: DMOV_SW_Checklist_01620 | B53: Application initialization time is documented | C53: YES
A54: NVM(SWE.2: BP4,BP6)
A55: DMOV_SW_Checklist_01800 | B55: Strategy to manage critical data in NVM is identified and documented | C55: YES
A56: Bootloader(SWE.2: BP4,BP6,BP9)
A57: DMOV_SW_Checklist_02000 | B57: Compatibility checks are implemented and documented. They are agreed by stakeholders. | C57: YES
A58: DMOV_SW_Checklist_02010 | B58: The list of pre/post flash checks is documented | C58: YES
A59: Mode Management(SWE.2: BP4,BP6)
A60: DMOV_SW_Checklist_02200 | B60: Mode Management of BSW/ECU/Components design is documented | C60: YES | D60: Refer software architecture design document
A61: EOL (SWE.2: BP4,BP6,BP9)
A62: DMOV_SW_Checklist_02400 | B62: EOL Data Communication strategy is chosen and agreed by stakeholders | C62: YES
A63: DMOV_SW_Checklist_02410 | B63: EOL software is implemented in restricted session. | C63: YES
A64: Calibration(SWE.2: BP4,BP6)
A65: DMOV_SW_Checklist_02600 | B65: SW Calibration strategy and memory allocation is documented. | C65: YES
A66: SW Development Tool chain(SWE.2: BP6,BP9)
A67: DMOV_SW_Checklist_02800 | B67: Block diagram for the software tools used during software development and build is available to show the flow and responsibilities in software teams. | C67: YES
A68: DMOV_SW_Checklist_02810 | B68: List of software tools with versions is documented, frozen and agreed by stakeholders. Any change of tool or tool version is documented and risk is assessed, documented and communicated. | C68: YES | D68: Refer tool official documents.
A69: Lesson Learnt Docs(SWE.2: BP6)
A70: DMOV_SW_Checklist_03000 | B70: Lessons learnt documents and guidelines e.g.(to configure MCAL/BSW/RTE/OS or/and implement SW) are available and followed. | C70: YES | D70: Tianma have a lesson learn system. | F70: Note: it should be aligned with answer to REGLESSW-ST-14-003 and ISO26262-6.5_70
A71: Software Maintenance(SWE.2: BP6)
A72: DMOV_SW_Checklist_03200 | B72: Migration effort in case tools, COTS versions changes is evaluated, documented and communicated | C72: YES | D72: Refer software architecture design document
A73: DMOV_SW_Checklist_03210 | B73: Different SW Architecture solutions/choices identified and evaluated for maintainability and ensured by different parameters. e.g.by making sure strong cohesion exist within each software component(only closely related requirements to a function are allocated to the component) and there is loose coupling among the components (to allow the integration of software components without high dependencies). | C73: YES
A74: SW Architecture Testing
A75: DMOV_SW_Checklist_03400 | B75: Test Strategy of SW Architecture during integration testing is documented | C75: YES | D75: Refer software intergeation test plan
A76: Verification Reports
A77: DMOV_SW_Checklist_03600 | B77: Evidence for internal software architecture reviews is available | C77: YES | F77: Note: it should be aligned with answer to ISO26262-6.7_20
A78: DMOV_SW_Checklist_03610 | B78: Scheduling verification reports is available | C78: YES
A79: DMOV_SW_Checklist_03620 | B79: Memory verification reports is available (e.g. budget verification) | C79: YES
A80: Software Units Design(SWE.3: BP1,SWE.3.BP2,SWE.3.BP3,SWE.3.BP4,SWE.3.BP6 SWE.3.BP7)
A81: DMOV_SW_Checklist_03800 | B81: Detailed design document is available for the software component and it is readable, simple and comprehensive | C81: YES
A82: DMOV_SW_Checklist_03810 | B82: Design document contains Interface details of component e.g. list of I/Os, datatypes, resolutions, memory types | C82: YES
A83: DMOV_SW_Checklist_03820 | B83: Design document has the details on units constituing the software component in architecture | C83: YES
A84: DMOV_SW_Checklist_03830 | B84: Design document contains Interface details of each software unit e.g. list of I/Os, datatypes, resolutions, memory types | C84: YES
A85: DMOV_SW_Checklist_03840 | B85: Design of software unit is representing consistency and design pattern e.g. standard enums/data types, api's for initializing and de-initializing the components, fault handling, consistent interfaces between software units | C85: YES
A86: DMOV_SW_Checklist_03850 | B86: The design of software component/unit has details on error handling and recovery strategies | C86: YES
A87: DMOV_SW_Checklist_03860 | B87: Design document has the information on timing constraints, order of execution and memory estimation of component/units | C87: YES
A88: DMOV_SW_Checklist_03870 | B88: Design of unit supports the needs to handle time critical data and provides the details to protect and/or retain the data. E.g. use of E2E for integrity check of safety critical signal, mirroring or redundant storage of critical data etc. | C88: YES
A89: DMOV_SW_Checklist_03880 | B89: Design document shows the dynamic behavior and interaction between the relevant software units. | C89: YES
A90: DMOV_SW_Checklist_03890 | B90: Software unit design is communicated and agreed by stakeholders for the requirements compliance, HSI compliance, required resources, testability, complexity, maintainability, criticality, risks and for intended functionality only. | C90: YES
A91: Bi-Directional Traceability (SWE.3: BP5)
A92: DMOV_SW_Checklist_04000 | B92: Bi-directional Traceability is established between Software Architecture and Design document of the component | C92: YES
A93: DMOV_SW_Checklist_04010 | B93: Bi-directional Traceability is established between software units and software design | C93: YES
A94: DMOV_SW_Checklist_04020 | B94: Bi-directional Traceability is established between software units and software requirements | C94: YES
A95: ECU Software Design Rules (SWE.3: BP1)
A96: DMOV_SW_Checklist_04200 | B96: Design rules are available and followed. | C96: YES
A97: Configuration of BSW/MCAL/OS/RTE for (SWE.3: BP6)
A98: DMOV_SW_Checklist_04400 | B98: Design document is available to configure the parameters of each component in the configuration tool for MCAL e.g. clock frequency(MCU), CAN bit timing, SPI settings, PWM frequency etc. | C98: YES
A99: DMOV_SW_Checklist_04410 | B99: Design document follows the guidelines for naming conventions, to configure the modules for signals, messages | C99: YES
A100: DMOV_SW_Checklist_04420 | B100: Design document is available to configure the OS that meets the software needs for proper functionality. e.g tick count, ISR's and mapping to the vector table, List of cyclic tasks, any memory protection configuration if applicable, events, stack management etc. | C100: YES
...

Sheet LRM Checklist
A1: DMOV
A2: Reference | B2: Question | C2: Supplier answer | E2: STLA decision
C3: Conformity Status | D3: Justification/Answer | E3: Conformity Status | F3: Remark
A4: SL_SW_MOD_CL_10(0) | B4: As modifications done during production are even more critical than during development phase the whole defined and agreed process will have to be fully followed (e.g.: change management, configuration management, updated documentation and traceability, updated tests, tests results, delivery check, etc.) Typically, like for major releases, the full delivery shall be provided. | C4: FC | H4: NA | I4: Not Applicable | J4: =COUNTIF(C$4:C$29,"NA") -> 0 | L4: OK | M4: OK | N4: =COUNTIF(E$4:E$133,"OK") -> 0
A5: SL_SW_MOD_CL_20(0) | B5: Each modification done by the supplier shall be reviewed and agreed by STLA. During this review, for each modification, the supplier shall: - show any modified part (e.g. : source code, data files, configuration files, generation parameters, etc.) - demonstrate through an impact analysis that any effect or side effect of the modification has been identified and has been checked locally but also more globally (e.g. effects on scheduling, CPU load or System utilization, NVM usage and size and lifecycle, product lifecycle, WD strategy, etc.) | C5: FC | H5: NC | I5: No compliant | J5: =COUNTIF(C$4:C$29,"NC") -> 0 | L5: NOK | M5: NOK | N5: =COUNTIF(E$4:E$133,"NOK") -> 0
A6: SL_SW_MOD_CL_30(0) | B6: Risk Management Plan is updated and applied. | C6: FC | H6: PC | I6: Partly compliant | J6: =COUNTIF(C$4:C$29,"PC") -> 0 | L6: TBA | M6: To Be Assessed | N6: =COUNTIF(E$4:E$133,"TBA") -> 0
A7: SL_SW_MOD_CL_40(0) | B7: Impact analysis is done and all related files are updated (source code but also software specification and validation). | C7: FC | H7: LC | I7: Largely compliant | J7: =COUNTIF(C$4:C$29,"LC") -> 0 | L7: NA | M7: Not Applicable | N7: =COUNTIF(E$4:E$133,"NA") -> 0
A8: SL_SW_MOD_CL_50(0) | B8: Modifications are reviewed and non-conformities detected are fixed (source code but also software specification and validation). | C8: FC | H8: FC | I8: Fully compliant | J8: =COUNTIF(C$4:C$29,"FC") -> 12
A9: SL_SW_MOD_CL_60(0) | B9: A software configuration audit was performed which notably confirms that no other modification than planned with STLA was done. | C9: FC
A10: SL_SW_MOD_CL_70(0) | B10: Sheets of this document DMOV are updated and all changes sent to STLA for approval (examples: static analysis, warnings justification, code metrics, code review by microcontroller maker for low level software, ECC activation etc.) | C10: FC
A11: SL_SW_MOD_CL_80(0) | B11: Specification is up-to-date (especially: software requirement document, software architecture document and software design documents) | C11: FC
A12: SL_SW_MOD_CL_90(0) | B12: Traceability is up-to-date | C12: FC
A13: SL_SW_MOD_CL_95(0) | B13: Test strategy is based on impact analysis. Moreover, supplier shall also run a minimum set of tests, at least sanity checks, on safety, security and approval modules. | C13: FC
A14: SL_SW_MOD_CL_100(1) | B14: Test strategy applied to verify the changes was reviewed and approved by STLA. | C14: FC
A15: SL_SW_MOD_CL_110(0) | B15: Tests are up-to-date (especially unit tests, integration tests and software tests), according to the Test strategy reviewed with STLA. | C15: FC

Sheet DMOV Topics Classification
A1: DMOV Questions classification
C2: The questions in the DMOV are classified according to these topics, see last column in the DMOV checklists.
B3: Topic | C3: Contents | D3: Related review questions | G3: Related SW/ISO26262 workproducts
D4: SW Dev Rules | E4: ISO26262 | F4: Security
B5: General topics | C5: Selection criterias for design, modeling and coding languages Lessons Learned | D5: REGLESSW-ST-14-003 REGLESSW-ST-15-000 | E5: ISO26262-6.5_00 ISO26262-6.5_30 | G5: Part 6 - 5.5.1 Documentation of the software development environment
B6: Planification of SW Safety activities | E6: ISO26262-6.5_10 ISO26262-6.5_20 | G6: Part 6 - 6.5.3 Safety plan
B7: Software Safety requirements and traceability | C7: Requirements management, including HSI Upstream / downstream traceability From STLA TSR to Supplier TSR From STLA TSR to Supplier TSR Completness and maturity of requirements Examples of SSR ASIL rating | E7: ISO26262-6.6_10 ISO26262-6.6_20 ISO26262-6.6_30 ISO26262-6.6_40 ISO26262-6.6_50 | G7: Part 6 - 6.5.1 Software safety requirements specification Part 6 - 6.5.2 Hardware-software interface (HSI) specification (refined) Part 6 - 6.5.3 Software verification report
B8: SW Architecture and SW Safety Analysis | C8: Static and dynamic SW Architecture description Link bt ASIL levels, SW Safety Analysis and SW Archi SW Safety mechanisms in link with related SSR SW Safety analysis Fault models and completeness SW Safety analysis DFA inclusion or not, in case a distinct DFA is done, DFA initiator to be presented If any, Freedom From Interference strategy and mechanisms Focus on SW Safety Mechanisms for HW and SW errors detection & recovery SW Architectural Design Verification | D8: REGLESSW-ST-10-001 REGLESSW-ST-10-002 REGLESSW-ST-10-003 REGLESSW-ST-9-001 REGLESSW-ST-9-002 REGLESSW-ST-9-003 | E8: ISO26262-6.7_10 ISO26262-6.7_20 ISO26262-6.7_30 ISO26262-6.7_40 ISO26262-6.7_50 ISO26262-6.7_60 ISO26262-6.7_70 ISO26262-6.7_80 ISO26262-6.7_90 ISO26262-6.7_100 ISO26262-6.7_110 ISO26262-6.7_120 ISO26262-6.7_130 | G8: Part 6 - 7.5.1 Software architectural design specification Part 6 - 7.5.2 Safety analysis report Part 6 - 7.5.3 Dependent failures analysis report Part 6 - 7.5.4 Software verification report
B9: SW Unit Design and Verification (incl. static analyses) | C9: SW Unit Design and Implementation Design and coding rules Static analysis method (file by file or global) MISRA C compliance Abstract interpretation based tools Compiler warnings analysis SW Verification methods (review, inspection, …) | D9: REGLESSW-ST-12-003 REGLESSW-ST-12-004 REGLESSW-ST-12-005 REGLESSW-ST-12-006 REGLESSW-ST-12-007 REGLESSW-ST-12-008 REGLESSW-ST-12-009 REGLESSW-ST-12-010 REGLESSW-ST-13-001 REGLESSW-ST-13-002 REGLESSW-ST-13-003 REGLESSW-ST-13-004 REGLESSW-ST-13-005 REGLESSW-ST-14-001 REGLESSW-ST-14-002 | E9: ISO26262-6.5_40 ISO26262-6.5_50 ISO26262-6.5_60 ISO26262-6.8_10 ISO26262-6.8_20 ISO26262-6.8_30 ISO26262-6.8_40 ISO26262-6.9_10 : 1a to 1i ISO26262-6.9_20 : 1a to 1i ISO26262-6.10_20 : 1f to 1h ISO26262-6.10_30 : 1f to 1h | G9: Part 6 - 5.5.1 Documentation of the software development environment Part 6 - 8.5.1 Software unit design specification Part 6 - 8.5.2 Software unit implementation Part 6 - 6-9.5.1 Software verification specification Part 6 - 6-9.5.2 Software verification report (refined) Part 6 - 6-10.5.1 Software verification specification (refined) Part 6 - 6-10.5.3 Software verification report (refined)
B10: SW Design Rules and technical REX | C10: Compliance to SW Design rules and continuous improvement (REX) - Resets management - Memory management - Interrupts management - Microcontroller management (low level programming) - Operating System (rules to avoid scheduling or data consistency issues) - Rosbustness of startup / shutdown ECU phases | D10: REGLESSW-ST-5-003 REGLESSW-ST-5-002 REGLESSW-ST-5-001 REGLESSW-ST-5-004 REGLESSW-ST-61-001 REGLESSW-ST-61-002 REGLESSW-ST-62-001 REGLESSW-ST-62-003 REGLESSW-ST-63-001 REGLESSW-ST-63-002 REGLESSW-ST-63-003 REGLESSW-ST-63-004 REGLESSW-ST-63-005 REGLESSW-ST-63-006 REGLESSW-ST-63-007 REGLESSW-ST-7-001 REGLESSW-ST-7-002 REGLESSW-ST-7-003 REGLESSW-ST-7-004 REGLESSW-ST-7-005 REGLESSW-ST-7-006 REGLESSW-ST-7-007 REGLESSW-ST-7-008 REGLESSW-ST-7-009 REGLESSW-ST-8-001 REGLESSW-ST-8-002 REGLESSW-ST-8-003 REGLESSW-ST-8-004 REGLESSW-ST-8-005 REGLESSW-ST-8-006 REGLESSW-ST-8-007 REGLESSW-ST-11-002 REGLESSW-ST-11-003 REGLESSW-ST-11-004 REGLESSW-ST-11-005 REGLESSW-ST-11-006 REGLESSW-ST-11-007 REGLESSW-ST-11-008 REGLESSW-ST-16-001 REGLESSW-ST-16-002 | G10: -
B11: SW Unit test | C11: Reference for unit tests definition (requirement based or other) UT coverage criteriae and mesurement method UT coverage results and publication (synthesis in release note and other) | E11: ISO26262-6.9_10 : 1j to 1n ISO26262-6.9_20 : 1j to 1n ISO26262-6.9_30 ISO26262-6.9_40 ISO26262-6.9_50 | G11: Part 6 - 9.5.1 Software verification specification Part 6 - 9.5.2 Software verification report (refined)
B12: SW Integration tests | C12: Reference for integration tests definition (requirement based or other) IT coverage criteriae and mesurement method (debugger, tools) IT coverage results and publication (synthesis in release note and other) Fault injection on interface or inside some components, based on which criteriae (i.e. usage of SW Safety Analysis results or SSR for example) | E12: ISO26262-6.10_10 ISO26262-6.10_20 : 1a to 1e ISO26262-6.10_30 : 1a to 1e ISO26262-6.10_40 ISO26262-6.10_50 ISO26262-6.10_60 | G12: Part 6 -10.5.1 Software verification specification (refined) Part 6 -10.5.3 Software verification report (refined)
B13: Testing of the embedded software | C13: Strategy to prove SSR coverage (one test at least for each requirement or complteness proof using previous results) Testing environment used Completeness level of tests regarding to actual project progress Traceability and action | E13: ISO26262-6.11_10 ISO26262-6.11_20 ISO26262-6.11_30 ISO26262-6.11_40 ISO26262-6.11_50 | G13: Part 6 - 11.5.1 Software verification specification (refined) Part 6 - 11.5.2 Software verification report (refined)
B14: Confidence in tools | C14: Tooling guidelines Confidence in the use of SW tools (Part 8) | E14: ISO26262-6.5_70 ISO26262-8.11_10 ISO26262-8.11_20 | G14: Part 6 - 5.5.1 Documentation of the software development environment ISO26262 - 8 - 11.5.1 Software tool criteria evaluation report ISO26262 - 8 - 11.5.2 Software tool qualification report
B15: Configuration and calibration data management | C15: Strategy to manage Configuration and Calibration data (Annex C) | E15: ISO26262-6.C_10 ISO26262-6.C_20 | G15: Part 6 - C.5.1 Configuration data specification Part 6 - C.5.2 Calibration data specification Part 6 - C.5.3 Configuration data Part 6 - C.5.4 Calibration data Part 6 - C.5.5 Verification specification (refined) Part 6 - C.5.6 Verification report (refined) Part 6 - C.5.7 Software architectural design specification (refined) Part 6 - C.5.8 Documentation of the software development environment (refined)
B16: SW Components qualification | C16: Qualification of software components, if any (Part 8) | E16: ISO26262-8.12_10 ISO26262-8.12_20 | G16: Part 8 - 12.5.1 Software tool criteria evaluation report Part 8 - 12.5.2 Software component qualification report Part 8 - 12.5.3 Software component qualification verification report
B17: Security Rules | F17: 02016_17_06732_110 02016_17_06732_120 02016_17_06732_130 02016_17_06732_140 02016_17_06732_150 02016_17_06732_160 02016_17_06732_170 02016_17_06732_180 | G17: -
B18: TOTAL (hours) | C18: - | D18: - | E18: - | F18: - | G18: -

Sheet Metrics
A1: Metrics
B3: Answers to PSA SW development rules
B6: SUPPLIER ANSWER | L6: PSA STATUS
B7: Conformity | E7: Implementation | H7: Validation | L7: Conformity | O7: Implementation | R7: Validation
B8: NA | C8: =COUNTIF(#REF!,B8) -> #REF! | D8: =C8/COUNTA(#REF!) -> #REF! | E8: OK | F8: =COUNTIF(#REF!,E8) -> #REF! | G8: =F8/COUNTA(#REF!) -> #REF! | H8: OK | I8: =COUNTIF(#REF!,H8) -> #REF! | J8: =I8/COUNTA(#REF!) -> #REF! | L8: OK | M8: =COUNTIF(#REF!,L8) -> #REF! | N8: =M8/COUNTA(#REF!) -> #REF! | O8: OK | P8: =COUNTIF(#REF!,O8) -> #REF! | Q8: =P8/COUNTA(#REF!) -> #REF! | R8: OK | S8: =COUNTIF(#REF!,R8) -> #REF! | T8: =S8/COUNTA(#REF!) -> #REF!
B9: NC | C9: =COUNTIF(#REF!,B9) -> #REF! | D9: =C9/COUNTA(#REF!) -> #REF! | E9: NOK | F9: =COUNTIF(#REF!,E9) -> #REF! | G9: =F9/COUNTA(#REF!) -> #REF! | H9: NOK | I9: =COUNTIF(#REF!,H9) -> #REF! | J9: =I9/COUNTA(#REF!) -> #REF! | L9: NOK | M9: =COUNTIF(#REF!,L9) -> #REF! | N9: =M9/COUNTA(#REF!) -> #REF! | O9: NOK | P9: =COUNTIF(#REF!,O9) -> #REF! | Q9: =P9/COUNTA(#REF!) -> #REF! | R9: NOK | S9: =COUNTIF(#REF!,R9) -> #REF! | T9: =S9/COUNTA(#REF!) -> #REF!
B10: PC | C10: =COUNTIF(#REF!,B10) -> #REF! | D10: =C10/COUNTA(#REF!) -> #REF! | E10: NA | F10: =COUNTIF(#REF!,E10) -> #REF! | G10: =F10/COUNTA(#REF!) -> #REF! | H10: NA | I10: =COUNTIF(#REF!,H10) -> #REF! | J10: =I10/COUNTA(#REF!) -> #REF! | L10: TBA | M10: =COUNTIF(#REF!,L10) -> #REF! | N10: =M10/COUNTA(#REF!) -> #REF! | O10: TBA | P10: =COUNTIF(#REF!,O10) -> #REF! | Q10: =P10/COUNTA(#REF!) -> #REF! | R10: TBA | S10: =COUNTIF(#REF!,R10) -> #REF! | T10: =S10/COUNTA(#REF!) -> #REF!
B11: LC | C11: =COUNTIF(#REF!,B11) -> #REF! | D11: =C11/COUNTA(#REF!) -> #REF! | E11: Empty | F11: =COUNTA(#REF!)-SUM(F8:F10) -> #REF! | G11: =F11/COUNTA(#REF!) -> #REF! | H11: Empty | I11: =COUNTA(#REF!)-SUM(I8:I10) -> #REF! | J11: =I11/COUNTA(#REF!) -> #REF! | L11: NA | M11: =COUNTIF(#REF!,L11) -> #REF! | N11: =M11/COUNTA(#REF!) -> #REF! | O11: NA | P11: =COUNTIF(#REF!,O11) -> #REF! | Q11: =P11/COUNTA(#REF!) -> #REF! | R11: NA | S11: =COUNTIF(#REF!,R11) -> #REF! | T11: =S11/COUNTA(#REF!) -> #REF!
B12: FC | C12: =COUNTIF(#REF!,B12) -> #REF! | D12: =C12/COUNTA(#REF!) -> #REF! | L12: Empty | M12: =COUNTA(#REF!)-SUM(M8:M11) -> #REF! | N12: =M12/COUNTA(#REF!) -> #REF! | O12: Empty | P12: =COUNTA(#REF!)-SUM(P8:P11) -> #REF! | Q12: =P12/COUNTA(#REF!) -> #REF! | R12: Empty | S12: =COUNTA(#REF!)-SUM(S8:S11) -> #REF! | T12: =S12/COUNTA(#REF!) -> #REF!
B13: Empty | C13: =COUNTA(#REF!)-SUM(C8:C12) -> #REF! | D13: =C13/COUNTA(#REF!) -> #REF!
B14: Filled | C14: =SUM(C8:C12) -> #REF! | D14: =C14/COUNTA(#REF!) -> #REF! | E14: Filled | F14: =SUM(F8:F10) -> #REF! | G14: =F14/COUNTA(#REF!) -> #REF! | H14: Filled | I14: =SUM(I8:I10) -> #REF! | J14: =I14/COUNTA(#REF!) -> #REF! | L14: Filled | M14: =SUM(M8:M11) -> #REF! | N14: =M14/COUNTA(#REF!) -> #REF! | O14: Filled | P14: =SUM(P8:P11) -> #REF! | Q14: =P14/COUNTA(#REF!) -> #REF! | R14: Filled | S14: =SUM(S8:S11) -> #REF! | T14: =S14/COUNTA(#REF!) -> #REF!
B31: Answers to ISO 26262 Checklist
B34: SUPPLIER ANSWER | L34: STLA STATUS
B35: ISO Conformity | E35: ISO Implementation | H35: ISO Validation | L35: Conformity | O35: Implementation | R35: Validation
B36: NA | C36: =COUNTIF('ISO 26262-2018 Checklist'!$C$4:$C$59,B36) -> 5 | D36: =C36/COUNTA('ISO 26262-2018 Checklist'!$B$4:$B$59) -> 0.11111111 | E36: OK | F36: =COUNTIF('ISO 26262-2018 Checklist'!$D$4:$D$59,E36) -> 0 | G36: =F36/COUNTA('ISO 26262-2018 Checklist'!$B$4:$B$59) -> 0 | H36: OK | I36: =COUNTIF('ISO 26262-2018 Checklist'!$G$4:$G$59,H36) -> 0 | J36: =I36/COUNTA('ISO 26262-2018 Checklist'!$B$4:$B$59) -> 0 | L36: OK | M36: =COUNTIF('ISO 26262-2018 Checklist'!$K$4:$K$59,L36) -> 0 | N36: =M36/COUNTA('ISO 26262-2018 Checklist'!$B$4:$B$59) -> 0 | O36: OK | P36: =COUNTIF('ISO 26262-2018 Checklist'!$L$4:$L$159,O36) -> 0 | Q36: =P36/COUNTA('ISO 26262-2018 Checklist'!$B$4:$B$59) -> 0 | R36: OK | S36: =COUNTIF('ISO 26262-2018 Checklist'!$M$4:$M$59,R36) -> 0 | T36: =S36/COUNTA('ISO 26262-2018 Checklist'!$B$4:$B$59) -> 0
B37: NC | C37: =COUNTIF('ISO 26262-2018 Checklist'!$C$4:$C$59,B37) -> 0 | D37: =C37/COUNTA('ISO 26262-2018 Checklist'!$B$4:$B$59) -> 0 | E37: NOK | F37: =COUNTIF('ISO 26262-2018 Checklist'!$D$4:$D$59,E37) -> 0 | G37: =F37/COUNTA('ISO 26262-2018 Checklist'!$B$4:$B$59) -> 0 | H37: NOK | I37: =COUNTIF('ISO 26262-2018 Checklist'!$G$4:$G$59,H37) -> 0 | J37: =I37/COUNTA('ISO 26262-2018 Checklist'!$B$4:$B$59) -> 0 | L37: NOK | M37: =COUNTIF('ISO 26262-2018 Checklist'!$K$4:$K$59,L37) -> 0 | N37: =M37/COUNTA('ISO 26262-2018 Checklist'!$B$4:$B$59) -> 0 | O37: NOK | P37: =COUNTIF('ISO 26262-2018 Checklist'!$L$4:$L$159,O37) -> 0 | Q37: =P37/COUNTA('ISO 26262-2018 Checklist'!$B$4:$B$59) -> 0 | R37: NOK | S37: =COUNTIF('ISO 26262-2018 Checklist'!$M$4:$M$59,R37) -> 0 | T37: =S37/COUNTA('ISO 26262-2018 Checklist'!$B$4:$B$59) -> 0
B38: PC | C38: =COUNTIF('ISO 26262-2018 Checklist'!$C$4:$C$59,B38) -> 0 | D38: =C38/COUNTA('ISO 26262-2018 Checklist'!$B$4:$B$59) -> 0 | E38: NA | F38: =COUNTIF('ISO 26262-2018 Checklist'!$D$4:$D$59,E38) -> 0 | G38: =F38/COUNTA('ISO 26262-2018 Checklist'!$B$4:$B$59) -> 0 | H38: NA | I38: =COUNTIF('ISO 26262-2018 Checklist'!$G$4:$G$59,H38) -> 0 | J38: =I38/COUNTA('ISO 26262-2018 Checklist'!$B$4:$B$59) -> 0 | L38: TBA | M38: =COUNTIF('ISO 26262-2018 Checklist'!$K$4:$K$59,L38) -> 0 | N38: =M38/COUNTA('ISO 26262-2018 Checklist'!$B$4:$B$59) -> 0 | O38: TBA | P38: =COUNTIF('ISO 26262-2018 Checklist'!$L$4:$L$159,O38) -> 0 | Q38: =P38/COUNTA('ISO 26262-2018 Checklist'!$B$4:$B$59) -> 0 | R38: TBA | S38: =COUNTIF('ISO 26262-2018 Checklist'!$M$4:$M$59,R38) -> 0 | T38: =S38/COUNTA('ISO 26262-2018 Checklist'!$B$4:$B$59) -> 0
B39: LC | C39: =COUNTIF('ISO 26262-2018 Checklist'!$C$4:$C$59,B39) -> 0 | D39: =C39/COUNTA('ISO 26262-2018 Checklist'!$B$4:$B$59) -> 0 | E39: Empty | F39: =COUNTA('ISO 26262-2018 Checklist'!$B$4:$B$59)-SUM(F36:F38) -> 45 | G39: =F39/COUNTA('ISO 26262-2018 Checklist'!$B$4:$B$59) -> 1 | H39: Empty | I39: =COUNTA('ISO 26262-2018 Checklist'!$B$4:$B$59)-SUM(I36:I38) -> 45 | J39: =I39/COUNTA('ISO 26262-2018 Checklist'!$B$4:$B$59) -> 1 | L39: NA | M39: =COUNTIF('ISO 26262-2018 Checklist'!$K$4:$K$59,L39) -> 0 | N39: =M39/COUNTA('ISO 26262-2018 Checklist'!$B$4:$B$59) -> 0 | O39: NA | P39: =COUNTIF('ISO 26262-2018 Checklist'!$L$4:$L$159,O39) -> 7 | Q39: =P39/COUNTA('ISO 26262-2018 Checklist'!$B$4:$B$59) -> 0.15555556 | R39: NA | S39: =COUNTIF('ISO 26262-2018 Checklist'!$M$4:$M$59,R39) -> 7 | T39: =S39/COUNTA('ISO 26262-2018 Checklist'!$B$4:$B$59) -> 0.15555556
B40: FC | C40: =COUNTIF('ISO 26262-2018 Checklist'!$C$4:$C$59,B40) -> 40 | D40: =C40/COUNTA('ISO 26262-2018 Checklist'!$B$4:$B$59) -> 0.88888889 | L40: Empty | M40: =COUNTA('ISO 26262-2018 Checklist'!$B$4:$B$59)-SUM(M36:M39) -> 45 | N40: =M40/COUNTA('ISO 26262-2018 Checklist'!$B$4:$B$59) -> 1 | O40: Empty | P40: =COUNTA('ISO 26262-2018 Checklist'!$B$4:$B$59)-SUM(P36:P39) -> 38 | Q40: =P40/COUNTA('ISO 26262-2018 Checklist'!$B$4:$B$59) -> 0.84444444 | R40: Empty | S40: =COUNTA('ISO 26262-2018 Checklist'!$B$4:$B$59)-SUM(S36:S39) -> 38 | T40: =S40/COUNTA('ISO 26262-2018 Checklist'!$B$4:$B$59) -> 0.84444444
B41: Empty | C41: =COUNTA('ISO 26262-2018 Checklist'!$B$4:$B$59)-SUM(C36:C40) -> 0 | D41: =C41/COUNTA('ISO 26262-2018 Checklist'!$B$4:$B$59) -> 0
B42: Filled | C42: =SUM(C36:C40) -> 45 | D42: =C42/COUNTA('ISO 26262-2018 Checklist'!$B$4:$B$59) -> 1 | E42: Filled | F42: =SUM(F36:F38) -> 0 | G42: =F42/COUNTA('ISO 26262-2018 Checklist'!$B$4:$B$59) -> 0 | H42: Filled | I42: =SUM(I36:I38) -> 0 | J42: =I42/COUNTA('ISO 26262-2018 Checklist'!$B$4:$B$59) -> 0 | L42: Filled | M42: =SUM(M36:M39) -> 0 | N42: =M42/COUNTA('ISO 26262-2018 Checklist'!$B$4:$B$59) -> 0 | O42: Filled | P42: =SUM(P36:P39) -> 7 | Q42: =P42/COUNTA('ISO 26262-2018 Checklist'!$B$4:$B$59) -> 0.15555556 | R42: Filled | S42: =SUM(S36:S39) -> 7 | T42: =S42/COUNTA('ISO 26262-2018 Checklist'!$B$4:$B$59) -> 0.15555556
B58: Answers to Security Rules
B61: SUPPLIER ANSWER | L61: STLA STATUS
B62: Conformity | E62: Implementation | H62: Validation | L62: Conformity | O62: Implementation | R62: Validation
B63: NA | C63: =COUNTIF('Answer to security rules'!$C$4:$C$12,B63) -> 0 | D63: =C63/COUNTA('Answer to security rules'!$B$4:$B$12) -> 0 | E63: OK | F63: =COUNTIF('Answer to security rules'!$D$4:$D$12,E63) -> 0 | G63: =F63/COUNTA('Answer to security rules'!$B$4:$B$12) -> 0 | H63: OK | I63: =COUNTIF('Answer to security rules'!$G$4:$G$12,H63) -> 0 | J63: =I63/COUNTA('Answer to security rules'!$B$4:$B$12) -> 0 | L63: OK | M63: =COUNTIF('Answer to security rules'!$K$4:$K$12,L63) -> 0 | N63: =M63/COUNTA('Answer to security rules'!$B$4:$B$12) -> 0 | O63: OK | P63: =COUNTIF('Answer to security rules'!$L$4:$L$12,O63) -> 0 | Q63: =P63/COUNTA('Answer to security rules'!$B$4:$B$12) -> 0 | R63: OK | S63: =COUNTIF('Answer to security rules'!$M$4:$M$12,R63) -> 0 | T63: =S63/COUNTA('Answer to security rules'!$B$4:$B$12) -> 0
B64: NC | C64: =COUNTIF('Answer to security rules'!$C$4:$C$12,B64) -> 0 | D64: =C64/COUNTA('Answer to security rules'!$B$4:$B$12) -> 0 | E64: NOK | F64: =COUNTIF('Answer to security rules'!$D$4:$D$12,E64) -> 0 | G64: =F64/COUNTA('Answer to security rules'!$B$4:$B$12) -> 0 | H64: NOK | I64: =COUNTIF('Answer to security rules'!$G$4:$G$12,H64) -> 0 | J64: =I64/COUNTA('Answer to security rules'!$B$4:$B$12) -> 0 | L64: NOK | M64: =COUNTIF('Answer to security rules'!$K$4:$K$12,L64) -> 0 | N64: =M64/COUNTA('Answer to security rules'!$B$4:$B$12) -> 0 | O64: NOK | P64: =COUNTIF('Answer to security rules'!$L$4:$L$12,O64) -> 0 | Q64: =P64/COUNTA('Answer to security rules'!$B$4:$B$12) -> 0 | R64: NOK | S64: =COUNTIF('Answer to security rules'!$M$4:$M$12,R64) -> 0 | T64: =S64/COUNTA('Answer to security rules'!$B$4:$B$12) -> 0
B65: PC | C65: =COUNTIF('Answer to security rules'!$C$4:$C$12,B65) -> 0 | D65: =C65/COUNTA('Answer to security rules'!$B$4:$B$12) -> 0 | E65: NA | F65: =COUNTIF('Answer to security rules'!$D$4:$D$12,E65) -> 0 | G65: =F65/COUNTA('Answer to security rules'!$B$4:$B$12) -> 0 | H65: NA | I65: =COUNTIF('Answer to security rules'!$G$4:$G$12,H65) -> 0 | J65: =I65/COUNTA('Answer to security rules'!$B$4:$B$12) -> 0 | L65: TBA | M65: =COUNTIF('Answer to security rules'!$K$4:$K$12,L65) -> 0 | N65: =M65/COUNTA('Answer to security rules'!$B$4:$B$12) -> 0 | O65: TBA | P65: =COUNTIF('Answer to security rules'!$L$4:$L$12,O65) -> 0 | Q65: =P65/COUNTA('Answer to security rules'!$B$4:$B$12) -> 0 | R65: TBA | S65: =COUNTIF('Answer to security rules'!$M$4:$M$12,R65) -> 0 | T65: =S65/COUNTA('Answer to security rules'!$B$4:$B$12) -> 0
B66: LC | C66: =COUNTIF('Answer to security rules'!$C$4:$C$12,B66) -> 0 | D66: =C66/COUNTA('Answer to security rules'!$B$4:$B$12) -> 0 | E66: Empty | F66: =COUNTA('Answer to security rules'!$B$4:$B$12)-SUM(F63:F65) -> 8 | G66: =F66/COUNTA('Answer to security rules'!$B$4:$B$12) -> 1 | H66: Empty | I66: =COUNTA('Answer to security rules'!$B$4:$B$12)-SUM(I63:I65) -> 8 | J66: =I66/COUNTA('Answer to security rules'!$B$4:$B$12) -> 1 | L66: NA | M66: =COUNTIF('Answer to security rules'!$K$4:$K$12,L66) -> 0 | N66: =M66/COUNTA('Answer to security rules'!$B$4:$B$12) -> 0 | O66: NA | P66: =COUNTIF('Answer to security rules'!$L$4:$L$12,O66) -> 0 | Q66: =P66/COUNTA('Answer to security rules'!$B$4:$B$12) -> 0 | R66: NA | S66: =COUNTIF('Answer to security rules'!$M$4:$M$12,R66) -> 0 | T66: =S66/COUNTA('Answer to security rules'!$B$4:$B$12) -> 0
B67: FC | C67: =COUNTIF('Answer to security rules'!$C$4:$C$12,B67) -> 8 | D67: =C67/COUNTA('Answer to security rules'!$B$4:$B$12) -> 1 | L67: Empty | M67: =COUNTA('Answer to security rules'!$B$4:$B$12)-SUM(M63:M66) -> 8 | N67: =M67/COUNTA('Answer to security rules'!$B$4:$B$12) -> 1 | O67: Empty | P67: =COUNTA('Answer to security rules'!$B$4:$B$12)-SUM(P63:P66) -> 8 | Q67: =P67/COUNTA('Answer to security rules'!$B$4:$B$12) -> 1 | R67: Empty | S67: =COUNTA('Answer to security rules'!$B$4:$B$12)-SUM(S63:S66) -> 8 | T67: =S67/COUNTA('Answer to security rules'!$B$4:$B$12) -> 1
B68: Empty | C68: =COUNTA('Answer to security rules'!$B$4:$B$12)-SUM(C63:C67) -> 0 | D68: =C68/COUNTA('Answer to security rules'!$B$4:$B$12) -> 0
B69: Filled | C69: =SUM(C63:C67) -> 8 | D69: =C69/COUNTA('Answer to security rules'!$B$4:$B$12) -> 1 | E69: Filled | F69: =SUM(F63:F65) -> 0 | G69: =F69/COUNTA('Answer to security rules'!$B$4:$B$12) -> 0 | H69: Filled | I69: =SUM(I63:I65) -> 0 | J69: =I69/COUNTA('Answer to security rules'!$B$4:$B$12) -> 0 | L69: Filled | M69: =SUM(M63:M66) -> 0 | N69: =M69/COUNTA('Answer to security rules'!$B$4:$B$12) -> 0 | O69: Filled | P69: =SUM(P63:P66) -> 0 | Q69: =P69/COUNTA('Answer to security rules'!$B$4:$B$12) -> 0 | R69: Filled | S69: =SUM(S63:S66) -> 0 | T69: =S69/COUNTA('Answer to security rules'!$B$4:$B$12) -> 0
